#vitesse;value
0;0.0
0;0.0
0;0.0
0;0.0
0;0.0
0;0.0
0;0.0
0;0.0
0;0.0
0;0.0
1;0.0
1;0.0
1;0.0
1;0.0
1;0.0
1;0.0
1;0.0
1;0.0
1;0.0
1;0.0
2;0.0
2;0.0
2;0.0
2;0.0
2;0.0
2;0.0
2;0.0
2;0.0
2;0.0
2;0.0
3;0.0
3;0.0
3;0.0
3;0.0
3;0.0
3;0.0
3;0.0
3;0.0
3;0.0
3;0.0
4;0.0
4;0.0
4;0.0
4;0.0
4;0.0
4;0.0
4;0.0
4;0.0
4;0.0
4;0.0
5;0.0
5;0.0
5;0.0
5;0.0
5;0.0
5;0.0
5;0.0
5;0.0
5;0.0
5;0.0
6;0.0
6;0.0
6;0.0
6;0.0
6;0.0
6;0.0
6;0.0
6;0.0
6;0.0
6;0.0
7;0.0
7;0.0
7;0.0
7;0.0
7;0.0
7;0.0
7;0.0
7;0.0
7;0.0
7;0.0
8;0.0
8;0.0
8;0.0
8;0.0
8;0.0
8;0.0
8;0.0
8;0.0
8;0.0
8;0.0
9;0.0
9;0.0
9;0.0
9;0.0
9;0.0
9;0.0
9;0.0
9;0.0
9;0.0
9;0.0
10;0.0
10;0.0
10;0.0
10;0.0
10;0.0
10;0.0
10;0.0
10;0.0
10;0.0
10;0.0
11;0.0
11;0.0
11;0.0
11;0.0
11;0.0
11;0.0
11;0.0
11;0.0
11;0.0
11;0.0
12;0.0
12;0.0
12;0.0
12;0.0
12;0.0
12;0.0
12;0.0
12;0.0
12;0.0
12;0.0
13;0.0
13;0.0
13;0.0
13;0.0
13;0.0
13;0.0
13;0.0
13;0.0
13;1.0
13;0.0
14;0.0
14;0.0
14;0.0
14;0.0
14;0.0
14;0.0
14;0.0
14;0.0
14;0.0
14;0.0
15;0.0
15;0.0
15;0.0
15;0.0
15;0.0
15;0.0
15;0.0
15;0.0
15;0.0
15;0.0
16;0.0
16;0.0
16;0.0
16;0.0
16;0.0
16;0.0
16;0.0
16;0.0
16;0.0
16;0.0
17;0.0
17;0.0
17;0.0
17;0.0
17;0.0
17;0.0
17;0.0
17;0.0
17;0.0
17;0.0
18;0.0
18;0.0
18;0.0
18;0.0
18;0.0
18;0.0
18;0.0
18;0.0
18;0.0
18;0.0
19;0.0
19;0.0
19;0.0
19;0.0
19;0.0
19;0.0
19;0.0
19;0.0
19;0.0
19;0.0
20;0.0
20;0.0
20;0.0
20;0.0
20;0.0
20;0.0
20;0.0
20;0.0
20;0.0
20;0.0
21;0.0
21;0.0
21;0.0
21;0.0
21;0.0
21;0.0
21;0.0
21;0.0
21;0.0
21;0.0
22;0.0
22;0.0
22;0.0
22;0.0
22;0.0
22;0.0
22;0.0
22;0.0
22;0.0
22;0.0
23;0.0
23;0.0
23;0.0
23;0.0
23;0.0
23;0.0
23;0.0
23;0.0
23;0.0
23;0.0
24;0.0
24;2.0
24;0.0
24;0.0
24;0.0
24;0.0
24;0.0
24;0.0
24;0.0
24;0.0
25;0.0
25;0.0
25;0.0
25;0.0
25;0.0
25;1.0
25;0.0
25;0.0
25;0.0
25;0.0
26;0.0
26;0.0
26;0.0
26;0.0
26;0.0
26;0.0
26;0.0
26;0.0
26;0.0
26;0.0
27;0.0
27;0.0
27;0.0
27;0.0
27;0.0
27;0.0
27;0.0
27;0.0
27;0.0
27;0.0
28;0.0
28;0.0
28;1.0
28;0.0
28;0.0
28;0.0
28;0.0
28;0.0
28;0.0
28;0.0
29;1.0
29;0.0
29;0.0
29;0.0
29;0.0
29;0.0
29;3.0
29;4.0
29;4.0
29;3.0
30;3.0
30;2.0
30;3.0
30;6.0
30;7.0
30;1.0
30;0.0
30;0.0
30;0.0
30;0.0
31;0.0
31;0.0
31;0.0
31;1.0
31;0.0
31;0.0
31;0.0
31;0.0
31;0.0
31;0.0
32;0.0
32;0.0
32;0.0
32;0.0
32;0.0
32;0.0
32;0.0
32;0.0
32;0.0
32;0.0
33;2.0
33;4.0
33;3.0
33;4.0
33;3.0
33;2.0
33;3.0
33;1.0
33;1.0
33;2.0
34;5.0
34;5.0
34;4.0
34;0.0
34;0.0
34;0.0
34;0.0
34;0.0
34;0.0
34;0.0
35;0.0
35;0.0
35;0.0
35;0.0
35;0.0
35;0.0
35;0.0
35;0.0
35;0.0
35;0.0
36;0.0
36;0.0
36;0.0
36;1.0
36;2.0
36;4.0
36;5.0
36;4.0
36;4.0
36;5.0
37;9.0
37;7.0
37;3.0
37;3.0
37;3.0
37;4.0
37;6.0
37;4.0
37;5.0
37;7.0
38;6.0
38;3.0
38;4.0
38;4.0
38;2.0
38;2.0
38;4.0
38;5.0
38;6.0
38;7.0
39;3.0
39;1.0
39;2.0
39;3.0
39;6.0
39;8.0
39;11.0
39;11.0
39;9.0
39;6.0
40;6.0
40;6.0
40;10.0
40;4.0
40;3.0
40;6.0
40;11.0
40;11.0
40;13.0
40;12.0
41;12.0
41;8.0
41;9.0
41;9.0
41;11.0
41;11.0
41;11.0
41;9.0
41;12.0
41;11.0
42;11.0
42;11.0
42;13.0
42;11.0
42;12.0
42;11.0
42;12.0
42;10.0
42;11.0
42;11.0
43;12.0
43;9.0
43;11.0
43;10.0
43;10.0
43;10.0
43;12.0
43;12.0
43;12.0
43;12.0
44;14.0
44;10.0
44;12.0
44;14.0
44;15.0
44;12.0
44;15.0
44;11.0
44;13.0
44;14.0
45;18.0
45;17.0
45;18.0
45;14.0
45;16.0
45;12.0
45;13.0
45;12.0
45;10.0
45;11.0
46;16.0
46;14.0
46;15.0
46;16.0
46;14.0
46;11.0
46;14.0
46;12.0
46;12.0
46;13.0
47;18.0
47;14.0
47;16.0
47;14.0
47;14.0
47;13.0
47;14.0
47;12.0
47;15.0
47;12.0
48;16.0
48;13.0
48;15.0
48;17.0
48;18.0
48;17.0
48;17.0
48;15.0
48;18.0
48;13.0
49;18.0
49;15.0
49;16.0
49;16.0
49;17.0
49;15.0
49;16.0
49;15.0
49;17.0
49;13.0
50;17.0
50;14.0
50;16.0
50;17.0
50;16.0
50;16.0
50;18.0
50;15.0
50;17.0
50;13.0
51;18.0
51;14.0
51;15.0
51;15.0
51;16.0
51;15.0
51;17.0
51;14.0
51;18.0
51;14.0
52;19.0
52;15.0
52;18.0
52;18.0
52;20.0
52;18.0
52;20.0
52;18.0
52;18.0
52;16.0
53;22.0
53;20.0
53;26.0
53;20.0
53;21.0
53;20.0
53;19.0
53;18.0
53;19.0
53;19.0
54;23.0
54;19.0
54;21.0
54;18.0
54;18.0
54;16.0
54;18.0
54;17.0
54;20.0
54;16.0
55;21.0
55;16.0
55;19.0
55;17.0
55;18.0
55;17.0
55;19.0
55;18.0
55;19.0
55;18.0
56;21.0
56;18.0
56;18.0
56;18.0
56;21.0
56;21.0
56;23.0
56;21.0
56;23.0
56;22.0
57;25.0
57;20.0
57;19.0
57;17.0
57;19.0
57;20.0
57;23.0
57;21.0
57;22.0
57;21.0
58;27.0
58;21.0
58;24.0
58;21.0
58;24.0
58;21.0
58;24.0
58;23.0
58;24.0
58;23.0
59;27.0
59;22.0
59;22.0
59;20.0
59;24.0
59;21.0
59;24.0
59;21.0
59;24.0
59;22.0
60;29.0
60;24.0
60;26.0
60;25.0
60;27.0
60;23.0
60;26.0
60;23.0
60;26.0
60;24.0
61;30.0
61;24.0
61;28.0
61;24.0
61;28.0
61;24.0
61;28.0
61;28.0
61;33.0
61;26.0
62;33.0
62;25.0
62;26.0
62;26.0
62;31.0
62;29.0
62;29.0
62;25.0
62;26.0
62;24.0
63;29.0
63;25.0
63;28.0
63;25.0
63;27.0
63;26.0
63;28.0
63;26.0
63;29.0
63;27.0
64;32.0
64;25.0
64;29.0
64;26.0
64;29.0
64;25.0
64;29.0
64;25.0
64;29.0
64;27.0
65;34.0
65;27.0
65;30.0
65;27.0
65;30.0
65;28.0
65;31.0
65;27.0
65;31.0
65;28.0
66;34.0
66;26.0
66;28.0
66;26.0
66;29.0
66;26.0
66;30.0
66;28.0
66;30.0
66;28.0
67;34.0
67;29.0
67;33.0
67;28.0
67;31.0
67;28.0
67;30.0
67;27.0
67;32.0
67;28.0
68;40.0
68;31.0
68;32.0
68;29.0
68;32.0
68;28.0
68;32.0
68;29.0
68;31.0
68;27.0
69;35.0
69;29.0
69;33.0
69;30.0
69;33.0
69;29.0
69;32.0
69;29.0
69;33.0
69;29.0
70;38.0
70;31.0
70;35.0
70;31.0
70;32.0
70;29.0
70;32.0
70;29.0
70;34.0
70;31.0
71;42.0
71;32.0
71;34.0
71;30.0
71;34.0
71;31.0
71;34.0
71;31.0
71;33.0
71;30.0
72;37.0
72;31.0
72;37.0
72;34.0
72;37.0
72;32.0
72;34.0
72;31.0
72;37.0
72;32.0
73;42.0
73;33.0
73;37.0
73;33.0
73;36.0
73;33.0
73;36.0
73;33.0
73;36.0
73;32.0
74;42.0
74;33.0
74;38.0
74;32.0
74;36.0
74;34.0
74;36.0
74;32.0
74;34.0
74;32.0
75;42.0
75;32.0
75;36.0
75;32.0
75;36.0
75;29.0
75;32.0
75;30.0
75;35.0
75;32.0
76;41.0
76;33.0
76;36.0
76;33.0
76;38.0
76;34.0
76;38.0
76;35.0
76;39.0
76;35.0
77;44.0
77;34.0
77;36.0
77;34.0
77;37.0
77;34.0
77;37.0
77;34.0
77;37.0
77;34.0
78;42.0
78;35.0
78;39.0
78;38.0
78;42.0
78;36.0
78;39.0
78;34.0
78;38.0
78;34.0
79;44.0
79;35.0
79;39.0
79;34.0
79;39.0
79;36.0
79;38.0
79;33.0
79;38.0
79;34.0
80;42.0
80;34.0
80;37.0
80;36.0
80;39.0
80;36.0
80;39.0
80;36.0
80;40.0
80;37.0
81;47.0
81;37.0
81;40.0
81;35.0
81;39.0
81;36.0
81;41.0
81;36.0
81;40.0
81;36.0
82;47.0
82;36.0
82;40.0
82;37.0
82;40.0
82;36.0
82;39.0
82;36.0
82;39.0
82;35.0
83;45.0
83;36.0
83;41.0
83;38.0
83;45.0
83;41.0
83;43.0
83;38.0
83;40.0
83;37.0
84;46.0
84;41.0
84;45.0
84;40.0
84;43.0
84;40.0
84;42.0
84;38.0
84;42.0
84;37.0
85;48.0
85;38.0
85;43.0
85;38.0
85;43.0
85;39.0
85;43.0
85;39.0
85;43.0
85;39.0
86;51.0
86;40.0
86;42.0
86;39.0
86;43.0
86;38.0
86;42.0
86;38.0
86;44.0
86;38.0
87;49.0
87;41.0
87;45.0
87;39.0
87;44.0
87;40.0
87;44.0
87;37.0
87;41.0
87;39.0
88;52.0
88;40.0
88;43.0
88;40.0
88;46.0
88;41.0
88;46.0
88;42.0
88;45.0
88;40.0
89;50.0
89;43.0
89;45.0
89;42.0
89;46.0
89;42.0
89;46.0
89;42.0
89;47.0
89;42.0
90;52.0
90;41.0
90;45.0
90;38.0
90;44.0
90;41.0
90;45.0
90;41.0
90;46.0
90;42.0
91;54.0
91;42.0
91;47.0
91;42.0
91;46.0
91;43.0
91;47.0
91;43.0
91;47.0
91;43.0
92;53.0
92;42.0
92;47.0
92;42.0
92;48.0
92;8.0
92;-5.0
92;3.0
92;29.0
92;38.0
93;53.0
93;44.0
93;49.0
93;46.0
93;51.0
93;46.0
93;49.0
93;43.0
93;48.0
93;44.0
94;59.0
94;46.0
94;50.0
94;45.0
94;49.0
94;44.0
94;49.0
94;44.0
94;48.0
94;43.0
95;56.0
95;45.0
95;49.0
95;46.0
95;50.0
95;44.0
95;49.0
95;46.0
95;51.0
95;45.0
96;58.0
96;44.0
96;50.0
96;46.0
96;51.0
96;47.0
96;52.0
96;47.0
96;51.0
96;47.0
97;58.0
97;47.0
97;52.0
97;46.0
97;50.0
97;46.0
97;51.0
97;46.0
97;50.0
97;46.0
98;59.0
98;45.0
98;51.0
98;48.0
98;55.0
98;47.0
98;50.0
98;46.0
98;51.0
98;46.0
99;60.0
99;49.0
99;53.0
99;48.0
99;50.0
99;46.0
99;50.0
99;46.0
99;51.0
99;46.0
100;58.0
100;46.0
100;52.0
100;47.0
100;55.0
100;51.0
100;55.0
100;49.0
100;54.0
100;49.0
101;60.0
101;48.0
101;52.0
101;46.0
101;53.0
101;49.0
101;53.0
101;49.0
101;55.0
101;49.0
102;62.0
102;49.0
102;54.0
102;50.0
102;54.0
102;51.0
102;59.0
102;52.0
102;55.0
102;50.0
103;60.0
103;48.0
103;57.0
103;55.0
103;62.0
103;53.0
103;56.0
103;50.0
103;54.0
103;48.0
104;65.0
104;55.0
104;59.0
104;53.0
104;61.0
104;53.0
104;59.0
104;56.0
104;61.0
104;54.0
105;67.0
105;54.0
105;59.0
105;53.0
105;58.0
105;54.0
105;57.0
105;52.0
105;58.0
105;52.0
106;66.0
106;53.0
106;58.0
106;53.0
106;58.0
106;53.0
106;58.0
106;53.0
106;57.0
106;50.0
107;65.0
107;52.0
107;57.0
107;53.0
107;58.0
107;52.0
107;58.0
107;54.0
107;59.0
107;54.0
108;67.0
108;53.0
108;59.0
108;55.0
108;60.0
108;54.0
108;59.0
108;55.0
108;59.0
108;54.0
109;69.0
109;55.0
109;60.0
109;54.0
109;61.0
109;54.0
109;60.0
109;54.0
109;60.0
109;56.0
110;73.0
110;57.0
110;60.0
110;54.0
110;62.0
110;56.0
110;61.0
110;56.0
110;62.0
110;56.0
111;70.0
111;56.0
111;63.0
111;58.0
111;61.0
111;55.0
111;62.0
111;54.0
111;60.0
111;55.0
112;71.0
112;56.0
112;61.0
112;55.0
112;61.0
112;55.0
112;62.0
112;55.0
112;64.0
112;58.0
113;73.0
113;58.0
113;63.0
113;57.0
113;64.0
113;58.0
113;63.0
113;55.0
113;62.0
113;57.0
114;72.0
114;57.0
114;64.0
114;61.0
114;64.0
114;56.0
114;63.0
114;58.0
114;64.0
114;58.0
115;73.0
115;58.0
115;63.0
115;57.0
115;63.0
115;57.0
115;63.0
115;56.0
115;64.0
115;58.0
116;72.0
116;58.0
116;66.0
116;62.0
116;67.0
116;60.0
116;65.0
116;60.0
116;66.0
116;58.0
117;74.0
117;58.0
117;65.0
117;59.0
117;66.0
117;59.0
117;66.0
117;59.0
117;64.0
117;58.0
118;75.0
118;59.0
118;64.0
118;58.0
118;66.0
118;60.0
118;67.0
118;60.0
118;66.0
118;59.0
119;76.0
119;60.0
119;66.0
119;61.0
119;68.0
119;58.0
119;64.0
119;61.0
119;64.0
119;60.0
120;77.0
120;61.0
120;67.0
120;61.0
120;70.0
120;63.0
120;68.0
120;57.0
120;64.0
120;57.0
121;73.0
121;61.0
121;68.0
121;64.0
121;69.0
121;65.0
121;71.0
121;63.0
121;68.0
121;62.0
122;80.0
122;62.0
122;70.0
122;65.0
122;73.0
122;64.0
122;71.0
122;63.0
122;70.0
122;64.0
123;81.0
123;65.0
123;70.0
123;63.0
123;68.0
123;62.0
123;68.0
123;63.0
123;69.0
123;64.0
124;82.0
124;63.0
124;70.0
124;65.0
124;70.0
124;64.0
124;71.0
124;65.0
124;71.0
124;63.0
125;81.0
125;64.0
125;71.0
125;64.0
125;71.0
125;64.0
125;70.0
125;64.0
125;69.0
125;63.0
126;88.0
126;66.0
126;71.0
126;64.0
126;72.0
126;65.0
126;71.0
126;65.0
126;72.0
126;65.0
127;85.0
127;64.0
127;71.0
127;62.0
127;67.0
127;64.0
127;71.0
127;65.0
127;60.0
127;32.0
128;52.0
128;55.0
128;69.0
128;65.0
128;71.0
128;64.0
128;71.0
128;65.0
128;74.0
128;67.0
129;89.0
129;67.0
129;74.0
129;67.0
129;72.0
129;65.0
129;74.0
129;68.0
129;75.0
129;69.0
130;89.0
130;65.0
130;74.0
130;67.0
130;74.0
130;66.0
130;73.0
130;63.0
130;71.0
130;65.0
131;82.0
131;63.0
131;71.0
131;67.0
131;71.0
131;64.0
131;71.0
131;65.0
131;75.0
131;66.0
132;88.0
132;72.0
132;80.0
132;72.0
132;78.0
132;68.0
132;75.0
132;69.0
132;80.0
132;71.0
133;89.0
133;69.0
133;75.0
133;69.0
133;77.0
133;71.0
133;77.0
133;68.0
133;76.0
133;70.0
134;89.0
134;69.0
134;74.0
134;67.0
134;73.0
134;67.0
134;76.0
134;71.0
134;79.0
134;71.0
135;90.0
135;69.0
135;76.0
135;71.0
135;78.0
135;71.0
135;79.0
135;72.0
135;75.0
135;69.0
136;89.0
136;67.0
136;74.0
136;69.0
136;76.0
136;68.0
136;78.0
136;73.0
136;79.0
136;73.0
137;98.0
137;73.0
137;79.0
137;72.0
137;79.0
137;71.0
137;78.0
137;70.0
137;78.0
137;72.0
138;96.0
138;72.0
138;78.0
138;73.0
138;81.0
138;73.0
138;81.0
138;73.0
138;81.0
138;73.0
139;97.0
139;71.0
139;79.0
139;71.0
139;81.0
139;72.0
139;80.0
139;71.0
139;78.0
139;71.0
140;93.0
140;74.0
140;83.0
140;76.0
140;83.0
140;75.0
140;83.0
140;74.0
140;82.0
140;74.0
141;95.0
141;73.0
141;84.0
141;75.0
141;80.0
141;73.0
141;81.0
141;74.0
141;82.0
141;74.0
142;96.0
142;74.0
142;83.0
142;73.0
142;86.0
142;78.0
142;83.0
142;74.0
142;83.0
142;74.0
143;95.0
143;73.0
143;81.0
143;74.0
143;81.0
143;76.0
143;83.0
143;76.0
143;82.0
143;74.0
144;95.0
144;72.0
144;79.0
144;75.0
144;86.0
144;78.0
144;83.0
144;76.0
144;84.0
144;77.0
145;103.0
145;81.0
145;87.0
145;78.0
145;85.0
145;78.0
145;85.0
145;79.0
145;94.0
145;79.0
146;103.0
146;82.0
146;88.0
146;79.0
146;84.0
146;76.0
146;84.0
146;75.0
146;84.0
146;75.0
147;98.0
147;75.0
147;82.0
147;75.0
147;84.0
147;77.0
147;84.0
147;77.0
147;85.0
147;76.0
148;100.0
148;76.0
148;87.0
148;79.0
148;87.0
148;77.0
148;85.0
148;77.0
148;86.0
148;78.0
149;106.0
149;81.0
149;87.0
149;79.0
149;87.0
149;79.0
149;87.0
149;81.0
149;92.0
149;84.0
150;113.0
150;87.0
150;91.0
150;81.0
150;89.0
150;79.0
150;86.0
150;78.0
150;87.0
150;80.0
151;104.0
151;83.0
151;93.0
151;82.0
151;87.0
151;78.0
151;85.0
151;78.0
151;85.0
151;78.0
152;101.0
152;79.0
152;89.0
152;82.0
152;91.0
152;83.0
152;91.0
152;80.0
152;85.0
152;78.0
153;106.0
153;81.0
153;91.0
153;84.0
153;92.0
153;84.0
153;92.0
153;83.0
153;89.0
153;79.0
154;104.0
154;84.0
154;92.0
154;83.0
154;91.0
154;79.0
154;87.0
154;81.0
154;91.0
154;84.0
155;111.0
155;83.0
155;90.0
155;84.0
155;91.0
155;82.0
155;92.0
155;81.0
155;90.0
155;81.0
156;105.0
156;83.0
156;94.0
156;85.0
156;95.0
156;84.0
156;93.0
156;84.0
156;92.0
156;86.0
157;111.0
157;81.0
157;85.0
157;81.0
157;90.0
157;82.0
157;93.0
157;86.0
157;94.0
157;85.0
158;110.0
158;84.0
158;92.0
158;85.0
158;95.0
158;85.0
158;92.0
158;84.0
158;93.0
158;85.0
159;111.0
159;87.0
159;94.0
159;86.0
159;94.0
159;84.0
159;93.0
159;85.0
159;94.0
159;86.0
160;109.0
160;87.0
160;92.0
160;86.0
160;95.0
160;87.0
160;95.0
160;87.0
160;95.0
160;87.0
161;110.0
161;85.0
161;92.0
161;85.0
161;92.0
161;84.0
161;94.0
161;87.0
161;94.0
161;85.0
162;111.0
162;87.0
162;93.0
162;86.0
162;94.0
162;85.0
162;96.0
162;85.0
162;94.0
162;85.0
163;111.0
163;86.0
163;95.0
163;86.0
163;96.0
163;86.0
163;97.0
163;87.0
163;96.0
163;85.0
164;113.0
164;86.0
164;94.0
164;88.0
164;99.0
164;88.0
164;96.0
164;87.0
164;97.0
164;87.0
165;113.0
165;88.0
165;95.0
165;87.0
165;95.0
165;88.0
165;100.0
165;90.0
165;98.0
165;87.0
166;113.0
166;89.0
166;97.0
166;87.0
166;95.0
166;87.0
166;96.0
166;86.0
166;96.0
166;85.0
167;112.0
167;87.0
167;95.0
167;87.0
167;97.0
167;86.0
167;98.0
167;91.0
167;102.0
167;91.0
168;114.0
168;89.0
168;100.0
168;92.0
168;103.0
168;92.0
168;102.0
168;93.0
168;103.0
168;94.0
169;118.0
169;93.0
169;101.0
169;92.0
169;102.0
169;92.0
169;103.0
169;93.0
169;100.0
169;91.0
170;115.0
170;89.0
170;99.0
170;91.0
170;102.0
170;90.0
170;99.0
170;92.0
170;102.0
170;92.0
171;120.0
171;91.0
171;101.0
171;91.0
171;101.0
171;92.0
171;102.0
171;91.0
171;101.0
171;91.0
172;120.0
172;95.0
172;103.0
172;94.0
172;104.0
172;96.0
172;103.0
172;92.0
172;100.0
172;92.0
173;121.0
173;94.0
173;102.0
173;94.0
173;103.0
173;94.0
173;105.0
173;95.0
173;104.0
173;93.0
174;124.0
174;93.0
174;103.0
174;92.0
174;104.0
174;93.0
174;476.0
174;94.0
174;102.0
174;93.0
175;125.0
175;94.0
175;103.0
175;93.0
175;103.0
175;95.0
175;104.0
175;95.0
175;104.0
175;96.0
176;129.0
176;98.0
176;108.0
176;96.0
176;104.0
176;97.0
176;103.0
176;93.0
176;107.0
176;96.0
177;122.0
177;94.0
177;104.0
177;93.0
177;101.0
177;95.0
177;103.0
177;95.0
177;104.0
177;96.0
178;123.0
178;96.0
178;106.0
178;96.0
178;105.0
178;97.0
178;105.0
178;97.0
178;109.0
178;97.0
179;124.0
179;96.0
179;109.0
179;99.0
179;104.0
179;95.0
179;105.0
179;95.0
179;104.0
179;96.0
180;125.0
180;97.0
180;108.0
180;97.0
180;105.0
180;98.0
180;108.0
180;97.0
180;107.0
180;99.0
181;127.0
181;95.0
181;105.0
181;95.0
181;104.0
181;97.0
181;108.0
181;101.0
181;114.0
181;101.0
182;128.0
182;96.0
182;104.0
182;97.0
182;109.0
182;102.0
182;108.0
182;97.0
182;104.0
182;96.0
183;129.0
183;101.0
183;114.0
183;101.0
183;110.0
183;97.0
183;106.0
183;96.0
183;106.0
183;98.0
184;129.0
184;100.0
184;114.0
184;103.0
184;114.0
184;101.0
184;110.0
184;99.0
184;111.0
184;103.0
185;131.0
185;98.0
185;108.0
185;100.0
185;111.0
185;98.0
185;106.0
185;96.0
185;109.0
185;100.0
186;128.0
186;100.0
186;108.0
186;102.0
186;116.0
186;105.0
186;115.0
186;102.0
186;114.0
186;104.0
187;136.0
187;98.0
187;110.0
187;100.0
187;107.0
187;101.0
187;115.0
187;106.0
187;114.0
187;104.0
188;140.0
188;103.0
188;113.0
188;102.0
188;114.0
188;104.0
188;118.0
188;107.0
188;114.0
188;105.0
189;134.0
189;104.0
189;120.0
189;107.0
189;115.0
189;105.0
189;115.0
189;104.0
189;113.0
189;103.0
190;136.0
190;104.0
190;115.0
190;101.0
190;113.0
190;103.0
190;114.0
190;104.0
190;117.0
190;106.0
191;139.0
191;106.0
191;116.0
191;104.0
191;119.0
191;109.0
191;120.0
191;107.0
191;112.0
191;101.0
192;133.0
192;103.0
192;115.0
192;105.0
192;116.0
192;106.0
192;116.0
192;105.0
192;114.0
192;104.0
193;136.0
193;105.0
193;112.0
193;101.0
193;115.0
193;105.0
193;114.0
193;107.0
193;118.0
193;106.0
194;135.0
194;105.0
194;119.0
194;110.0
194;123.0
194;110.0
194;122.0
194;111.0
194;123.0
194;109.0
195;139.0
195;108.0
195;122.0
195;110.0
195;120.0
195;107.0
195;117.0
195;108.0
195;120.0
195;111.0
196;140.0
196;107.0
196;117.0
196;106.0
196;117.0
196;103.0
196;115.0
196;105.0
196;118.0
196;107.0
197;141.0
197;105.0
197;113.0
197;101.0
197;115.0
197;108.0
197;119.0
197;107.0
197;119.0
197;106.0
198;135.0
198;106.0
198;118.0
198;108.0
198;119.0
198;107.0
198;119.0
198;109.0
198;122.0
198;111.0
199;145.0
199;109.0
199;119.0
199;105.0
199;118.0
199;107.0
199;118.0
199;108.0
199;118.0
199;106.0
200;141.0
200;106.0
200;118.0
200;108.0
200;118.0
200;108.0
200;119.0
200;107.0
200;114.0
200;105.0
201;139.0
201;105.0
201;118.0
201;109.0
201;119.0
201;110.0
201;120.0
201;112.0
201;125.0
201;114.0
202;145.0
202;109.0
202;117.0
202;108.0
202;121.0
202;107.0
202;119.0
202;110.0
202;124.0
202;114.0
203;146.0
203;113.0
203;120.0
203;108.0
203;121.0
203;110.0
203;117.0
203;107.0
203;118.0
203;106.0
204;139.0
204;109.0
204;121.0
204;111.0
204;124.0
204;110.0
204;121.0
204;108.0
204;120.0
204;113.0
205;145.0
205;115.0
205;124.0
205;111.0
205;126.0
205;115.0
205;126.0
205;113.0
205;125.0
205;114.0
206;145.0
206;111.0
206;122.0
206;112.0
206;121.0
206;109.0
206;123.0
206;115.0
206;126.0
206;113.0
207;146.0
207;109.0
207;120.0
207;111.0
207;125.0
207;113.0
207;125.0
207;111.0
207;127.0
207;113.0
208;146.0
208;114.0
208;129.0
208;114.0
208;128.0
208;116.0
208;128.0
208;114.0
208;127.0
208;113.0
209;150.0
209;115.0
209;126.0
209;115.0
209;127.0
209;113.0
209;128.0
209;116.0
209;130.0
209;117.0
210;147.0
210;114.0
210;127.0
210;114.0
210;124.0
210;113.0
210;126.0
210;112.0
210;125.0
210;113.0
211;146.0
211;120.0
211;134.0
211;118.0
211;126.0
211;115.0
211;126.0
211;115.0
211;127.0
211;115.0
212;154.0
212;119.0
212;130.0
212;119.0
212;129.0
212;118.0
212;129.0
212;117.0
212;130.0
212;115.0
213;155.0
213;117.0
213;127.0
213;115.0
213;128.0
213;116.0
213;125.0
213;113.0
213;127.0
213;114.0
214;152.0
214;117.0
214;131.0
214;117.0
214;129.0
214;117.0
214;130.0
214;122.0
214;133.0
214;120.0
215;159.0
215;122.0
215;132.0
215;118.0
215;131.0
215;124.0
215;132.0
215;118.0
215;130.0
215;116.0
216;154.0
216;119.0
216;135.0
216;121.0
216;135.0
216;122.0
216;129.0
216;115.0
216;133.0
216;120.0
217;154.0
217;120.0
217;130.0
217;117.0
217;129.0
217;119.0
217;131.0
217;119.0
217;133.0
217;122.0
218;160.0
218;121.0
218;135.0
218;121.0
218;134.0
218;121.0
218;133.0
218;122.0
218;134.0
218;122.0
219;163.0
219;121.0
219;136.0
219;124.0
219;133.0
219;120.0
219;133.0
219;121.0
219;130.0
219;120.0
220;159.0
220;122.0
220;130.0
220;120.0
220;133.0
220;120.0
220;136.0
220;125.0
220;136.0
220;121.0
221;158.0
221;122.0
221;134.0
221;122.0
221;136.0
221;124.0
221;133.0
221;121.0
221;138.0
221;125.0
222;165.0
222;126.0
222;136.0
222;123.0
222;135.0
222;123.0
222;135.0
222;123.0
222;135.0
222;120.0
223;153.0
223;121.0
223;132.0
223;123.0
223;134.0
223;123.0
223;135.0
223;122.0
223;134.0
223;125.0
224;159.0
224;124.0
224;136.0
224;125.0
224;138.0
224;124.0
224;137.0
224;124.0
224;139.0
224;130.0
225;167.0
225;126.0
225;140.0
225;127.0
225;140.0
225;126.0
225;139.0
225;127.0
225;144.0
225;127.0
226;167.0
226;125.0
226;137.0
226;126.0
226;142.0
226;127.0
226;139.0
226;125.0
226;136.0
226;126.0
227;165.0
227;128.0
227;139.0
227;127.0
227;141.0
227;124.0
227;143.0
227;132.0
227;144.0
227;126.0
228;164.0
228;128.0
228;139.0
228;129.0
228;144.0
228;132.0
228;142.0
228;130.0
228;142.0
228;126.0
229;161.0
229;128.0
229;139.0
229;126.0
229;142.0
229;131.0
229;142.0
229;128.0
229;139.0
229;126.0
230;166.0
230;127.0
230;140.0
230;125.0
230;140.0
230;129.0
230;141.0
230;129.0
230;143.0
230;128.0
231;167.0
231;131.0
231;147.0
231;132.0
231;144.0
231;131.0
231;142.0
231;126.0
231;141.0
231;128.0
232;163.0
232;125.0
232;141.0
232;128.0
232;142.0
232;132.0
232;144.0
232;129.0
232;137.0
232;128.0
233;165.0
233;131.0
233;141.0
233;127.0
233;144.0
233;127.0
233;141.0
233;129.0
233;144.0
233;131.0
234;171.0
234;131.0
234;148.0
234;132.0
234;146.0
234;133.0
234;145.0
234;126.0
234;139.0
234;132.0
235;170.0
235;131.0
235;145.0
235;130.0
235;139.0
235;127.0
235;140.0
235;128.0
235;143.0
235;130.0
236;169.0
236;134.0
236;150.0
236;132.0
236;142.0
236;127.0
236;143.0
236;134.0
236;144.0
236;132.0
237;171.0
237;135.0
237;149.0
237;133.0
237;147.0
237;135.0
237;148.0
237;131.0
237;148.0
237;133.0
238;172.0
238;133.0
238;146.0
238;130.0
238;148.0
238;136.0
238;145.0
238;133.0
238;148.0
238;134.0
239;171.0
239;134.0
239;147.0
239;133.0
239;146.0
239;134.0
239;145.0
239;134.0
239;150.0
239;134.0
240;170.0
240;133.0
240;151.0
240;134.0
240;149.0
240;135.0
240;148.0
240;137.0
240;146.0
240;133.0
241;172.0
241;134.0
241;145.0
241;130.0
241;150.0
241;135.0
241;150.0
241;135.0
241;154.0
241;134.0
242;173.0
242;134.0
242;147.0
242;135.0
242;151.0
242;135.0
242;145.0
242;134.0
242;146.0
242;131.0
243;171.0
243;134.0
243;148.0
243;134.0
243;147.0
243;134.0
243;145.0
243;137.0
243;147.0
243;135.0
244;176.0
244;135.0
244;150.0
244;135.0
244;150.0
244;135.0
244;149.0
244;136.0
244;149.0
244;137.0
245;179.0
245;139.0
245;152.0
245;139.0
245;152.0
245;138.0
245;153.0
245;138.0
245;150.0
245;138.0
246;178.0
246;136.0
246;154.0
246;136.0
246;148.0
246;134.0
246;151.0
246;135.0
246;148.0
246;135.0
247;176.0
247;139.0
247;155.0
247;140.0
247;154.0
247;138.0
247;154.0
247;135.0
247;151.0
247;139.0
248;178.0
248;139.0
248;152.0
248;139.0
248;156.0
248;141.0
248;154.0
248;138.0
248;154.0
248;137.0
249;178.0
249;139.0
249;152.0
249;141.0
249;156.0
249;138.0
249;150.0
249;139.0
249;154.0
249;138.0
250;179.0
250;138.0
250;155.0
250;138.0
250;154.0
250;139.0
250;154.0
250;139.0
250;156.0
250;143.0
251;191.0
251;142.0
251;157.0
251;141.0
251;155.0
251;142.0
251;155.0
251;142.0
251;154.0
251;140.0
252;180.0
252;133.0
252;144.0
252;134.0
252;153.0
252;141.0
252;154.0
252;137.0
252;153.0
252;141.0
253;181.0
253;140.0
253;156.0
253;143.0
253;163.0
253;146.0
253;160.0
253;143.0
253;160.0
253;141.0
254;182.0
254;144.0
254;161.0
254;144.0
254;158.0
254;141.0
254;152.0
254;140.0
254;155.0
254;143.0
255;185.0
255;142.0
255;154.0
255;138.0
255;154.0
255;141.0
255;156.0
255;140.0
255;158.0
255;143.0
256;185.0
256;144.0
256;160.0
256;144.0
256;157.0
256;144.0
256;160.0
256;140.0
256;157.0
256;143.0
257;184.0
257;146.0
257;159.0
257;143.0
257;158.0
257;144.0
257;162.0
257;143.0
257;157.0
257;142.0
258;185.0
258;148.0
258;163.0
258;146.0
258;159.0
258;140.0
258;156.0
258;146.0
258;162.0
258;148.0
259;188.0
259;148.0
259;162.0
259;145.0
259;160.0
259;145.0
259;160.0
259;142.0
259;160.0
259;148.0
260;189.0
260;144.0
260;157.0
260;148.0
260;164.0
260;149.0
260;163.0
260;145.0
260;157.0
260;144.0
261;193.0
261;142.0
261;158.0
261;146.0
261;162.0
261;146.0
261;161.0
261;146.0
261;160.0
261;148.0
262;193.0
262;146.0
262;162.0
262;144.0
262;162.0
262;146.0
262;158.0
262;144.0
262;161.0
262;146.0
263;202.0
263;145.0
263;157.0
263;141.0
263;158.0
263;148.0
263;167.0
263;148.0
263;162.0
263;147.0
264;189.0
264;146.0
264;163.0
264;149.0
264;164.0
264;151.0
264;167.0
264;149.0
264;161.0
264;143.0
265;189.0
265;148.0
265;160.0
265;146.0
265;167.0
265;144.0
265;159.0
265;148.0
265;160.0
265;143.0
266;192.0
266;150.0
266;160.0
266;147.0
266;163.0
266;147.0
266;162.0
266;155.0
266;168.0
266;148.0
267;192.0
267;150.0
267;163.0
267;143.0
267;162.0
267;148.0
267;161.0
267;146.0
267;164.0
267;146.0
268;186.0
268;148.0
268;163.0
268;153.0
268;168.0
268;152.0
268;165.0
268;150.0
268;166.0
268;151.0
269;193.0
269;148.0
269;168.0
269;156.0
269;170.0
269;155.0
269;169.0
269;151.0
269;167.0
269;154.0
270;201.0
270;151.0
270;167.0
270;154.0
270;165.0
270;148.0
270;168.0
270;152.0
270;168.0
270;153.0
271;196.0
271;150.0
271;165.0
271;156.0
271;174.0
271;153.0
271;168.0
271;147.0
271;164.0
271;151.0
272;197.0
272;154.0
272;171.0
272;157.0
272;176.0
272;157.0
272;167.0
272;148.0
272;162.0
272;151.0
273;195.0
273;152.0
273;166.0
273;151.0
273;168.0
273;149.0
273;167.0
273;152.0
273;171.0
273;154.0
274;198.0
274;154.0
274;170.0
274;156.0
274;177.0
274;157.0
274;170.0
274;154.0
274;167.0
274;153.0
275;197.0
275;151.0
275;168.0
275;154.0
275;170.0
275;155.0
275;171.0
275;150.0
275;169.0
275;153.0
276;207.0
276;157.0
276;171.0
276;155.0
276;171.0
276;154.0
276;171.0
276;154.0
276;170.0
276;159.0
277;208.0
277;158.0
277;174.0
277;154.0
277;171.0
277;160.0
277;172.0
277;157.0
277;171.0
277;157.0
278;203.0
278;157.0
278;171.0
278;158.0
278;172.0
278;155.0
278;172.0
278;155.0
278;170.0
278;158.0
279;205.0
279;153.0
279;170.0
279;154.0
279;171.0
279;154.0
279;172.0
279;153.0
279;168.0
279;156.0
280;202.0
280;155.0
280;169.0
280;155.0
280;173.0
280;161.0
280;174.0
280;156.0
280;172.0
280;158.0
281;205.0
281;158.0
281;173.0
281;162.0
281;180.0
281;162.0
281;178.0
281;160.0
281;175.0
281;164.0
282;212.0
282;159.0
282;172.0
282;154.0
282;174.0
282;154.0
282;173.0
282;158.0
282;174.0
282;161.0
283;210.0
283;160.0
283;173.0
283;160.0
283;178.0
283;158.0
283;174.0
283;159.0
283;177.0
283;162.0
284;210.0
284;162.0
284;178.0
284;162.0
284;179.0
284;164.0
284;176.0
284;162.0
284;176.0
284;163.0
285;206.0
285;159.0
285;173.0
285;158.0
285;175.0
285;159.0
285;177.0
285;161.0
285;176.0
285;158.0
286;207.0
286;161.0
286;173.0
286;160.0
286;175.0
286;159.0
286;177.0
286;161.0
286;177.0
286;158.0
287;211.0
287;164.0
287;180.0
287;162.0
287;179.0
287;159.0
287;173.0
287;157.0
287;173.0
287;153.0
288;209.0
288;157.0
288;174.0
288;158.0
288;174.0
288;159.0
288;180.0
288;161.0
288;179.0
288;163.0
289;209.0
289;162.0
289;189.0
289;164.0
289;179.0
289;163.0
289;178.0
289;163.0
289;178.0
289;162.0
290;211.0
290;165.0
290;179.0
290;164.0
290;180.0
290;162.0
290;180.0
290;166.0
290;180.0
290;163.0
291;210.0
291;161.0
291;178.0
291;164.0
291;178.0
291;167.0
291;186.0
291;168.0
291;183.0
291;166.0
292;213.0
292;166.0
292;179.0
292;163.0
292;176.0
292;159.0
292;176.0
292;159.0
292;179.0
292;163.0
293;210.0
293;162.0
293;178.0
293;163.0
293;181.0
293;168.0
293;189.0
293;165.0
293;186.0
293;165.0
294;211.0
294;164.0
294;183.0
294;165.0
294;185.0
294;165.0
294;181.0
294;162.0
294;178.0
294;163.0
295;213.0
295;161.0
295;178.0
295;160.0
295;178.0
295;159.0
295;179.0
295;166.0
295;181.0
295;164.0
296;216.0
296;169.0
296;187.0
296;168.0
296;189.0
296;167.0
296;179.0
296;161.0
296;179.0
296;134.0
297;23.0
297;48.0
297;98.0
297;113.0
297;141.0
297;138.0
297;162.0
297;153.0
297;170.0
297;158.0
298;203.0
298;159.0
298;182.0
298;166.0
298;183.0
298;164.0
298;186.0
298;166.0
298;185.0
298;169.0
299;220.0
299;168.0
299;186.0
299;166.0
299;182.0
299;166.0
299;183.0
299;162.0
299;183.0
299;165.0
300;215.0
300;165.0
300;184.0
300;166.0
300;187.0
300;168.0
300;186.0
300;167.0
300;181.0
300;167.0
301;219.0
301;168.0
301;186.0
301;163.0
301;179.0
301;163.0
301;181.0
301;164.0
301;185.0
301;166.0
302;215.0
302;165.0
302;180.0
302;167.0
302;188.0
302;167.0
302;184.0
302;167.0
302;183.0
302;168.0
303;213.0
303;167.0
303;187.0
303;166.0
303;184.0
303;168.0
303;181.0
303;161.0
303;185.0
303;165.0
304;214.0
304;166.0
304;185.0
304;169.0
304;192.0
304;173.0
304;189.0
304;175.0
304;192.0
304;174.0
305;223.0
305;176.0
305;190.0
305;170.0
305;185.0
305;167.0
305;187.0
305;173.0
305;195.0
305;174.0
306;225.0
306;173.0
306;189.0
306;167.0
306;185.0
306;171.0
306;186.0
306;167.0
306;186.0
306;172.0
307;224.0
307;172.0
307;191.0
307;173.0
307;189.0
307;176.0
307;195.0
307;173.0
307;189.0
307;177.0
308;224.0
308;172.0
308;192.0
308;173.0
308;194.0
308;175.0
308;191.0
308;172.0
308;188.0
308;177.0
309;225.0
309;170.0
309;192.0
309;172.0
309;188.0
309;171.0
309;187.0
309;172.0
309;191.0
309;176.0
310;227.0
310;172.0
310;195.0
310;173.0
310;190.0
310;171.0
310;191.0
310;172.0
310;187.0
310;169.0
311;220.0
311;168.0
311;190.0
311;175.0
311;189.0
311;170.0
311;191.0
311;170.0
311;187.0
311;170.0
312;235.0
312;171.0
312;190.0
312;173.0
312;189.0
312;172.0
312;190.0
312;175.0
312;193.0
312;175.0
313;233.0
313;171.0
313;189.0
313;176.0
313;193.0
313;175.0
313;194.0
313;177.0
313;195.0
313;172.0
314;232.0
314;176.0
314;191.0
314;173.0
314;193.0
314;172.0
314;197.0
314;185.0
314;205.0
314;180.0
315;227.0
315;168.0
315;188.0
315;171.0
315;190.0
315;174.0
315;195.0
315;175.0
315;191.0
315;176.0
316;232.0
316;175.0
316;193.0
316;175.0
316;194.0
316;179.0
316;192.0
316;178.0
316;198.0
316;177.0
317;228.0
317;176.0
317;190.0
317;178.0
317;197.0
317;174.0
317;193.0
317;177.0
317;195.0
317;177.0
318;229.0
318;178.0
318;194.0
318;178.0
318;195.0
318;175.0
318;200.0
318;180.0
318;196.0
318;178.0
319;234.0
319;176.0
319;197.0
319;175.0
319;195.0
319;180.0
319;197.0
319;174.0
319;193.0
319;176.0
320;234.0
320;183.0
320;199.0
320;185.0
320;198.0
320;179.0
320;197.0
320;180.0
320;198.0
320;179.0
321;231.0
321;178.0
321;201.0
321;180.0
321;200.0
321;181.0
321;196.0
321;175.0
321;193.0
321;176.0
322;233.0
322;180.0
322;200.0
322;179.0
322;198.0
322;182.0
322;198.0
322;178.0
322;196.0
322;178.0
323;243.0
323;181.0
323;199.0
323;181.0
323;198.0
323;180.0
323;193.0
323;173.0
323;196.0
323;176.0
324;226.0
324;174.0
324;194.0
324;177.0
324;196.0
324;179.0
324;197.0
324;177.0
324;198.0
324;181.0
325;228.0
325;180.0
325;203.0
325;182.0
325;200.0
325;179.0
325;197.0
325;181.0
325;199.0
325;177.0
326;233.0
326;180.0
326;198.0
326;176.0
326;197.0
326;182.0
326;196.0
326;180.0
326;198.0
326;180.0
327;231.0
327;181.0
327;201.0
327;180.0
327;202.0
327;182.0
327;195.0
327;178.0
327;202.0
327;176.0
328;229.0
328;178.0
328;196.0
328;178.0
328;198.0
328;181.0
328;200.0
328;181.0
328;212.0
328;191.0
329;241.0
329;185.0
329;198.0
329;183.0
329;202.0
329;183.0
329;199.0
329;181.0
329;205.0
329;186.0
330;236.0
330;180.0
330;194.0
330;179.0
330;203.0
330;182.0
330;203.0
330;182.0
330;201.0
330;181.0
331;239.0
331;188.0
331;206.0
331;185.0
331;204.0
331;184.0
331;207.0
331;186.0
331;204.0
331;182.0
332;237.0
332;180.0
332;201.0
332;184.0
332;206.0
332;184.0
332;197.0
332;176.0
332;195.0
332;182.0
333;234.0
333;180.0
333;203.0
333;187.0
333;204.0
333;181.0
333;203.0
333;185.0
333;204.0
333;184.0
334;233.0
334;185.0
334;205.0
334;185.0
334;200.0
334;181.0
334;202.0
334;183.0
334;205.0
334;187.0
335;242.0
335;188.0
335;204.0
335;182.0
335;206.0
335;186.0
335;203.0
335;184.0
335;201.0
335;182.0
336;235.0
336;184.0
336;204.0
336;185.0
336;203.0
336;180.0
336;198.0
336;185.0
336;200.0
336;182.0
337;236.0
337;185.0
337;203.0
337;184.0
337;207.0
337;187.0
337;209.0
337;190.0
337;204.0
337;185.0
338;242.0
338;182.0
338;201.0
338;183.0
338;203.0
338;180.0
338;204.0
338;185.0
338;206.0
338;186.0
339;240.0
339;178.0
339;199.0
339;183.0
339;204.0
339;187.0
339;208.0
339;187.0
339;204.0
339;185.0
340;247.0
340;187.0
340;208.0
340;183.0
340;203.0
340;192.0
340;205.0
340;184.0
340;202.0
340;185.0
341;234.0
341;186.0
341;208.0
341;188.0
341;207.0
341;188.0
341;204.0
341;188.0
341;209.0
341;187.0
342;242.0
342;185.0
342;205.0
342;187.0
342;206.0
342;189.0
342;208.0
342;187.0
342;206.0
342;185.0
343;243.0
343;183.0
343;201.0
343;185.0
343;206.0
343;184.0
343;209.0
343;190.0
343;208.0
343;190.0
344;247.0
344;185.0
344;208.0
344;189.0
344;205.0
344;184.0
344;205.0
344;188.0
344;206.0
344;186.0
345;242.0
345;190.0
345;209.0
345;189.0
345;213.0
345;193.0
345;213.0
345;192.0
345;210.0
345;194.0
346;250.0
346;195.0
346;212.0
346;193.0
346;214.0
346;190.0
346;209.0
346;193.0
346;208.0
346;187.0
347;242.0
347;191.0
347;209.0
347;191.0
347;209.0
347;191.0
347;212.0
347;190.0
347;209.0
347;195.0
348;253.0
348;193.0
348;210.0
348;194.0
348;211.0
348;190.0
348;209.0
348;191.0
348;211.0
348;192.0
349;244.0
349;189.0
349;214.0
349;191.0
349;211.0
349;192.0
349;213.0
349;194.0
349;214.0
349;194.0
350;249.0
350;196.0
350;210.0
350;191.0
350;216.0
350;190.0
350;213.0
350;192.0
350;210.0
350;190.0
351;247.0
351;190.0
351;212.0
351;190.0
351;209.0
351;190.0
351;212.0
351;192.0
351;210.0
351;194.0
352;251.0
352;192.0
352;214.0
352;195.0
352;217.0
352;193.0
352;210.0
352;189.0
352;214.0
352;195.0
353;244.0
353;189.0
353;209.0
353;191.0
353;211.0
353;195.0
353;214.0
353;195.0
353;213.0
353;193.0
354;256.0
354;196.0
354;216.0
354;193.0
354;216.0
354;191.0
354;212.0
354;195.0
354;212.0
354;192.0
355;248.0
355;191.0
355;214.0
355;198.0
355;215.0
355;194.0
355;215.0
355;192.0
355;215.0
355;197.0
356;253.0
356;197.0
356;215.0
356;191.0
356;215.0
356;194.0
356;210.0
356;188.0
356;210.0
356;192.0
357;249.0
357;196.0
357;215.0
357;195.0
357;213.0
357;194.0
357;215.0
357;198.0
357;219.0
357;198.0
358;253.0
358;193.0
358;212.0
358;196.0
358;217.0
358;195.0
358;213.0
358;192.0
358;210.0
358;194.0
359;248.0
359;195.0
359;213.0
359;196.0
359;216.0
359;198.0
359;224.0
359;199.0
359;215.0
359;194.0
360;266.0
360;197.0
360;218.0
360;198.0
360;215.0
360;189.0
360;206.0
360;190.0
360;214.0
360;191.0
361;250.0
361;192.0
361;217.0
361;197.0
361;215.0
361;194.0
361;219.0
361;196.0
361;219.0
361;198.0
362;262.0
362;201.0
362;222.0
362;198.0
362;222.0
362;199.0
362;219.0
362;198.0
362;219.0
362;195.0
363;253.0
363;197.0
363;220.0
363;197.0
363;217.0
363;195.0
363;223.0
363;201.0
363;222.0
363;198.0
364;258.0
364;198.0
364;219.0
364;199.0
364;219.0
364;198.0
364;213.0
364;196.0
364;221.0
364;199.0
365;260.0
365;202.0
365;220.0
365;199.0
365;219.0
365;199.0
365;221.0
365;203.0
365;220.0
365;199.0
366;276.0
366;202.0
366;215.0
366;195.0
366;215.0
366;196.0
366;217.0
366;198.0
366;220.0
366;198.0
367;273.0
367;200.0
367;219.0
367;198.0
367;217.0
367;202.0
367;221.0
367;198.0
367;218.0
367;198.0
368;278.0
368;196.0
368;216.0
368;200.0
368;218.0
368;199.0
368;217.0
368;197.0
368;217.0
368;198.0
369;275.0
369;201.0
369;223.0
369;201.0
369;224.0
369;204.0
369;225.0
369;202.0
369;221.0
369;203.0
370;278.0
370;199.0
370;218.0
370;205.0
370;230.0
370;199.0
370;226.0
370;201.0
370;218.0
370;201.0
371;273.0
371;202.0
371;222.0
371;206.0
371;227.0
371;205.0
371;224.0
371;204.0
371;226.0
371;201.0
372;266.0
372;199.0
372;221.0
372;200.0
372;223.0
372;200.0
372;220.0
372;201.0
372;220.0
372;202.0
373;268.0
373;200.0
373;225.0
373;203.0
373;224.0
373;202.0
373;224.0
373;202.0
373;221.0
373;201.0
374;267.0
374;204.0
374;220.0
374;201.0
374;220.0
374;199.0
374;224.0
374;201.0
374;221.0
374;201.0
375;275.0
375;205.0
375;226.0
375;202.0
375;222.0
375;199.0
375;224.0
375;199.0
375;221.0
375;201.0
376;273.0
376;203.0
376;219.0
376;202.0
376;226.0
376;200.0
376;222.0
376;201.0
376;221.0
376;198.0
377;267.0
377;201.0
377;222.0
377;201.0
377;221.0
377;204.0
377;222.0
377;202.0
377;222.0
377;202.0
378;267.0
378;203.0
378;226.0
378;204.0
378;227.0
378;204.0
378;223.0
378;208.0
378;224.0
378;205.0
379;281.0
379;204.0
379;225.0
379;208.0
379;223.0
379;206.0
379;224.0
379;200.0
379;225.0
379;206.0
380;274.0
380;202.0
380;221.0
380;202.0
380;224.0
380;203.0
380;226.0
380;208.0
380;226.0
380;206.0
381;277.0
381;206.0
381;224.0
381;203.0
381;225.0
381;201.0
381;225.0
381;208.0
381;227.0
381;217.0
382;270.0
382;209.0
382;225.0
382;209.0
382;229.0
382;205.0
382;228.0
382;208.0
382;229.0
382;208.0
383;275.0
383;202.0
383;229.0
383;206.0
383;224.0
383;203.0
383;224.0
383;203.0
383;222.0
383;205.0
384;266.0
384;207.0
384;223.0
384;205.0
384;234.0
384;210.0
384;229.0
384;207.0
384;224.0
384;204.0
385;267.0
385;205.0
385;226.0
385;203.0
385;225.0
385;208.0
385;228.0
385;207.0
385;225.0
385;205.0
386;273.0
386;206.0
386;231.0
386;211.0
386;232.0
386;207.0
386;226.0
386;210.0
386;227.0
386;202.0
387;275.0
387;202.0
387;223.0
387;205.0
387;228.0
387;210.0
387;226.0
387;208.0
387;230.0
387;209.0
388;281.0
388;208.0
388;227.0
388;208.0
388;226.0
388;207.0
388;232.0
388;205.0
388;222.0
388;207.0
389;281.0
389;207.0
389;224.0
389;202.0
389;225.0
389;206.0
389;228.0
389;208.0
389;230.0
389;208.0
390;286.0
390;210.0
390;232.0
390;206.0
390;228.0
390;203.0
390;226.0
390;205.0
390;228.0
390;211.0
391;279.0
391;209.0
391;230.0
391;207.0
391;227.0
391;209.0
391;226.0
391;209.0
391;229.0
391;210.0
392;283.0
392;208.0
392;229.0
392;211.0
392;229.0
392;209.0
392;228.0
392;204.0
392;224.0
392;207.0
393;274.0
393;209.0
393;229.0
393;204.0
393;231.0
393;205.0
393;228.0
393;208.0
393;226.0
393;209.0
394;274.0
394;210.0
394;228.0
394;211.0
394;227.0
394;212.0
394;230.0
394;207.0
394;228.0
394;205.0
395;272.0
395;207.0
395;232.0
395;212.0
395;233.0
395;211.0
395;232.0
395;209.0
395;226.0
395;207.0
396;275.0
396;203.0
396;227.0
396;207.0
396;228.0
396;208.0
396;226.0
396;208.0
396;236.0
396;207.0
397;277.0
397;211.0
397;228.0
397;210.0
397;238.0
397;213.0
397;231.0
397;209.0
397;232.0
397;209.0
398;273.0
398;204.0
398;228.0
398;204.0
398;228.0
398;207.0
398;229.0
398;208.0
398;229.0
398;211.0
399;281.0
399;210.0
399;230.0
399;209.0
399;229.0
399;206.0
399;231.0
399;206.0
399;230.0
399;206.0
400;278.0
400;211.0
400;228.0
400;206.0
400;226.0
400;205.0
400;227.0
400;208.0
400;232.0
400;210.0
-1;0.0
-1;0.0
-1;0.0
-1;0.0
-1;0.0
-1;0.0
-1;0.0
-1;0.0
-1;0.0
-1;0.0
-2;0.0
-2;0.0
-2;0.0
-2;0.0
-2;0.0
-2;0.0
-2;0.0
-2;0.0
-2;0.0
-2;0.0
-3;0.0
-3;0.0
-3;0.0
-3;0.0
-3;0.0
-3;0.0
-3;0.0
-3;0.0
-3;0.0
-3;0.0
-4;0.0
-4;0.0
-4;0.0
-4;0.0
-4;0.0
-4;0.0
-4;0.0
-4;0.0
-4;0.0
-4;0.0
-5;0.0
-5;0.0
-5;0.0
-5;0.0
-5;0.0
-5;0.0
-5;0.0
-5;0.0
-5;0.0
-5;0.0
-6;0.0
-6;0.0
-6;0.0
-6;0.0
-6;0.0
-6;0.0
-6;0.0
-6;0.0
-6;0.0
-6;0.0
-7;0.0
-7;0.0
-7;0.0
-7;0.0
-7;0.0
-7;0.0
-7;0.0
-7;0.0
-7;0.0
-7;0.0
-8;0.0
-8;0.0
-8;0.0
-8;0.0
-8;0.0
-8;0.0
-8;0.0
-8;0.0
-8;0.0
-8;0.0
-9;0.0
-9;0.0
-9;0.0
-9;0.0
-9;0.0
-9;0.0
-9;0.0
-9;0.0
-9;0.0
-9;0.0
-10;0.0
-10;0.0
-10;0.0
-10;0.0
-10;0.0
-10;0.0
-10;0.0
-10;0.0
-10;0.0
-10;0.0
-11;0.0
-11;0.0
-11;0.0
-11;0.0
-11;0.0
-11;0.0
-11;0.0
-11;0.0
-11;0.0
-11;0.0
-12;0.0
-12;0.0
-12;0.0
-12;0.0
-12;0.0
-12;0.0
-12;0.0
-12;0.0
-12;0.0
-12;0.0
-13;0.0
-13;0.0
-13;0.0
-13;0.0
-13;0.0
-13;0.0
-13;0.0
-13;0.0
-13;0.0
-13;0.0
-14;0.0
-14;0.0
-14;0.0
-14;0.0
-14;0.0
-14;0.0
-14;0.0
-14;0.0
-14;0.0
-14;0.0
-15;0.0
-15;0.0
-15;0.0
-15;0.0
-15;0.0
-15;0.0
-15;0.0
-15;0.0
-15;0.0
-15;0.0
-16;0.0
-16;0.0
-16;0.0
-16;0.0
-16;0.0
-16;0.0
-16;0.0
-16;0.0
-16;0.0
-16;0.0
-17;0.0
-17;0.0
-17;0.0
-17;0.0
-17;0.0
-17;0.0
-17;0.0
-17;0.0
-17;0.0
-17;0.0
-18;0.0
-18;0.0
-18;0.0
-18;0.0
-18;0.0
-18;0.0
-18;0.0
-18;0.0
-18;0.0
-18;0.0
-19;0.0
-19;0.0
-19;0.0
-19;0.0
-19;0.0
-19;0.0
-19;0.0
-19;0.0
-19;0.0
-19;0.0
-20;0.0
-20;0.0
-20;0.0
-20;0.0
-20;0.0
-20;0.0
-20;0.0
-20;0.0
-20;0.0
-20;0.0
-21;0.0
-21;0.0
-21;0.0
-21;0.0
-21;0.0
-21;0.0
-21;0.0
-21;0.0
-21;0.0
-21;0.0
-22;0.0
-22;0.0
-22;0.0
-22;0.0
-22;0.0
-22;0.0
-22;0.0
-22;0.0
-22;0.0
-22;0.0
-23;0.0
-23;0.0
-23;0.0
-23;0.0
-23;0.0
-23;0.0
-23;0.0
-23;0.0
-23;0.0
-23;0.0
-24;0.0
-24;0.0
-24;0.0
-24;0.0
-24;0.0
-24;0.0
-24;0.0
-24;0.0
-24;0.0
-24;0.0
-25;0.0
-25;0.0
-25;0.0
-25;0.0
-25;0.0
-25;0.0
-25;0.0
-25;0.0
-25;0.0
-25;0.0
-26;0.0
-26;0.0
-26;0.0
-26;0.0
-26;0.0
-26;0.0
-26;0.0
-26;0.0
-26;0.0
-26;0.0
-27;0.0
-27;0.0
-27;0.0
-27;0.0
-27;0.0
-27;0.0
-27;0.0
-27;0.0
-27;0.0
-27;0.0
-28;0.0
-28;0.0
-28;0.0
-28;0.0
-28;0.0
-28;0.0
-28;0.0
-28;0.0
-28;0.0
-28;0.0
-29;0.0
-29;0.0
-29;0.0
-29;0.0
-29;0.0
-29;0.0
-29;0.0
-29;0.0
-29;0.0
-29;0.0
-30;0.0
-30;0.0
-30;0.0
-30;0.0
-30;0.0
-30;0.0
-30;0.0
-30;0.0
-30;0.0
-30;0.0
-31;0.0
-31;0.0
-31;0.0
-31;0.0
-31;0.0
-31;0.0
-31;0.0
-31;0.0
-31;0.0
-31;0.0
-32;0.0
-32;0.0
-32;0.0
-32;0.0
-32;0.0
-32;0.0
-32;0.0
-32;0.0
-32;0.0
-32;0.0
-33;0.0
-33;-1.0
-33;0.0
-33;0.0
-33;0.0
-33;0.0
-33;-1.0
-33;-1.0
-33;0.0
-33;0.0
-34;-2.0
-34;-2.0
-34;-2.0
-34;-2.0
-34;-4.0
-34;-5.0
-34;-8.0
-34;-3.0
-34;0.0
-34;0.0
-35;0.0
-35;0.0
-35;0.0
-35;0.0
-35;0.0
-35;0.0
-35;0.0
-35;0.0
-35;0.0
-35;0.0
-36;0.0
-36;0.0
-36;0.0
-36;0.0
-36;0.0
-36;0.0
-36;0.0
-36;0.0
-36;0.0
-36;0.0
-37;0.0
-37;0.0
-37;0.0
-37;0.0
-37;0.0
-37;0.0
-37;0.0
-37;0.0
-37;0.0
-37;-1.0
-38;0.0
-38;0.0
-38;0.0
-38;0.0
-38;0.0
-38;0.0
-38;0.0
-38;0.0
-38;0.0
-38;0.0
-39;0.0
-39;0.0
-39;-2.0
-39;-2.0
-39;-4.0
-39;-4.0
-39;-5.0
-39;-5.0
-39;-5.0
-39;-7.0
-40;-5.0
-40;-1.0
-40;-1.0
-40;0.0
-40;-1.0
-40;-3.0
-40;-4.0
-40;-4.0
-40;-4.0
-40;-4.0
-41;-9.0
-41;-9.0
-41;-8.0
-41;-6.0
-41;-6.0
-41;-5.0
-41;-5.0
-41;-7.0
-41;-5.0
-41;-3.0
-42;-3.0
-42;-4.0
-42;-7.0
-42;-7.0
-42;-10.0
-42;-9.0
-42;-7.0
-42;-6.0
-42;-6.0
-42;-8.0
-43;-11.0
-43;-2.0
-43;0.0
-43;-3.0
-43;-4.0
-43;-3.0
-43;-5.0
-43;-5.0
-43;-5.0
-43;-6.0
-44;-6.0
-44;-3.0
-44;-4.0
-44;-5.0
-44;-6.0
-44;-7.0
-44;-7.0
-44;-7.0
-44;-5.0
-44;-4.0
-45;-8.0
-45;-6.0
-45;-8.0
-45;-8.0
-45;-7.0
-45;-7.0
-45;-8.0
-45;-8.0
-45;-9.0
-45;-6.0
-46;-6.0
-46;-5.0
-46;-8.0
-46;-7.0
-46;-11.0
-46;-7.0
-46;-7.0
-46;-8.0
-46;-10.0
-46;-10.0
-47;-11.0
-47;-8.0
-47;-11.0
-47;-10.0
-47;-8.0
-47;-3.0
-47;-5.0
-47;-7.0
-47;-9.0
-47;-9.0
-48;-9.0
-48;-7.0
-48;-9.0
-48;-9.0
-48;-10.0
-48;-7.0
-48;-9.0
-48;-8.0
-48;-10.0
-48;-7.0
-49;-10.0
-49;-9.0
-49;-9.0
-49;-8.0
-49;-8.0
-49;-7.0
-49;-10.0
-49;-10.0
-49;-9.0
-49;-7.0
-50;-9.0
-50;-10.0
-50;-11.0
-50;-9.0
-50;-12.0
-50;-15.0
-50;-15.0
-50;-12.0
-50;-13.0
-50;-10.0
-51;-14.0
-51;-12.0
-51;-14.0
-51;-12.0
-51;-12.0
-51;-9.0
-51;-7.0
-51;-8.0
-51;-9.0
-51;-8.0
-52;-11.0
-52;-7.0
-52;-10.0
-52;-10.0
-52;-11.0
-52;-8.0
-52;-9.0
-52;-8.0
-52;-12.0
-52;-8.0
-53;-12.0
-53;-12.0
-53;-13.0
-53;-10.0
-53;-11.0
-53;-11.0
-53;-10.0
-53;-9.0
-53;-14.0
-53;-14.0
-54;-15.0
-54;-8.0
-54;-9.0
-54;-9.0
-54;-12.0
-54;-15.0
-54;-17.0
-54;-14.0
-54;-16.0
-54;-15.0
-55;-19.0
-55;-14.0
-55;-14.0
-55;-13.0
-55;-14.0
-55;-13.0
-55;-16.0
-55;-15.0
-55;-15.0
-55;-14.0
-56;-17.0
-56;-13.0
-56;-15.0
-56;-13.0
-56;-15.0
-56;-13.0
-56;-13.0
-56;-13.0
-56;-12.0
-56;-10.0
-57;-16.0
-57;-14.0
-57;-17.0
-57;-14.0
-57;-15.0
-57;-13.0
-57;-15.0
-57;-12.0
-57;-13.0
-57;-13.0
-58;-16.0
-58;-13.0
-58;-16.0
-58;-15.0
-58;-19.0
-58;-16.0
-58;-17.0
-58;-15.0
-58;-15.0
-58;-15.0
-59;-18.0
-59;-14.0
-59;-17.0
-59;-13.0
-59;-17.0
-59;-14.0
-59;-15.0
-59;-16.0
-59;-15.0
-59;-14.0
-60;-19.0
-60;-15.0
-60;-18.0
-60;-15.0
-60;-18.0
-60;-15.0
-60;-18.0
-60;-17.0
-60;-17.0
-60;-15.0
-61;-20.0
-61;-15.0
-61;-16.0
-61;-15.0
-61;-17.0
-61;-15.0
-61;-18.0
-61;-15.0
-61;-15.0
-61;-12.0
-62;-13.0
-62;-13.0
-62;-18.0
-62;-15.0
-62;-18.0
-62;-17.0
-62;-19.0
-62;-17.0
-62;-18.0
-62;-17.0
-63;-21.0
-63;-14.0
-63;-14.0
-63;-15.0
-63;-19.0
-63;-16.0
-63;-19.0
-63;-16.0
-63;-17.0
-63;-16.0
-64;-21.0
-64;-18.0
-64;-22.0
-64;-19.0
-64;-18.0
-64;-17.0
-64;-17.0
-64;-16.0
-64;-18.0
-64;-16.0
-65;-22.0
-65;-15.0
-65;-18.0
-65;-16.0
-65;-19.0
-65;-17.0
-65;-19.0
-65;-19.0
-65;-24.0
-65;-21.0
-66;-26.0
-66;-18.0
-66;-22.0
-66;-20.0
-66;-23.0
-66;-21.0
-66;-24.0
-66;-20.0
-66;-24.0
-66;-22.0
-67;-27.0
-67;-20.0
-67;-21.0
-67;-20.0
-67;-21.0
-67;-20.0
-67;-21.0
-67;-19.0
-67;-21.0
-67;-19.0
-68;-25.0
-68;-20.0
-68;-20.0
-68;-18.0
-68;-21.0
-68;-19.0
-68;-21.0
-68;-19.0
-68;-21.0
-68;-20.0
-69;-26.0
-69;-19.0
-69;-21.0
-69;-19.0
-69;-20.0
-69;-18.0
-69;-18.0
-69;-17.0
-69;-19.0
-69;-19.0
-70;-24.0
-70;-20.0
-70;-23.0
-70;-22.0
-70;-24.0
-70;-22.0
-70;-26.0
-70;-23.0
-70;-26.0
-70;-23.0
-71;-30.0
-71;-23.0
-71;-25.0
-71;-22.0
-71;-24.0
-71;-19.0
-71;-19.0
-71;-19.0
-71;-23.0
-71;-22.0
-72;-30.0
-72;-22.0
-72;-27.0
-72;-26.0
-72;-26.0
-72;-23.0
-72;-26.0
-72;-21.0
-72;-23.0
-72;-20.0
-73;-30.0
-73;-23.0
-73;-25.0
-73;-23.0
-73;-24.0
-73;-21.0
-73;-22.0
-73;-21.0
-73;-24.0
-73;-22.0
-74;-30.0
-74;-23.0
-74;-26.0
-74;-24.0
-74;-27.0
-74;-25.0
-74;-28.0
-74;-25.0
-74;-28.0
-74;-25.0
-75;-34.0
-75;-25.0
-75;-28.0
-75;-27.0
-75;-28.0
-75;-23.0
-75;-27.0
-75;-25.0
-75;-27.0
-75;-29.0
-76;-40.0
-76;-29.0
-76;-30.0
-76;-27.0
-76;-29.0
-76;-25.0
-76;-27.0
-76;-24.0
-76;-25.0
-76;-24.0
-77;-34.0
-77;-25.0
-77;-28.0
-77;-27.0
-77;-28.0
-77;-25.0
-77;-28.0
-77;-26.0
-77;-26.0
-77;-25.0
-78;-32.0
-78;-25.0
-78;-31.0
-78;-27.0
-78;-29.0
-78;-27.0
-78;-26.0
-78;-25.0
-78;-29.0
-78;-26.0
-79;-36.0
-79;-28.0
-79;-31.0
-79;-29.0
-79;-32.0
-79;-26.0
-79;-29.0
-79;-26.0
-79;-25.0
-79;-22.0
-80;-34.0
-80;-26.0
-80;-28.0
-80;-27.0
-80;-29.0
-80;-27.0
-80;-29.0
-80;-26.0
-80;-29.0
-80;-27.0
-81;-36.0
-81;-27.0
-81;-29.0
-81;-26.0
-81;-29.0
-81;-26.0
-81;-30.0
-81;-27.0
-81;-30.0
-81;-29.0
-82;-42.0
-82;-29.0
-82;-32.0
-82;-28.0
-82;-32.0
-82;-29.0
-82;-32.0
-82;-30.0
-82;-32.0
-82;-28.0
-83;-38.0
-83;-31.0
-83;-35.0
-83;-32.0
-83;-34.0
-83;-31.0
-83;-33.0
-83;-29.0
-83;-33.0
-83;-29.0
-84;-42.0
-84;-32.0
-84;-33.0
-84;-29.0
-84;-30.0
-84;-29.0
-84;-31.0
-84;-28.0
-84;-31.0
-84;-28.0
-85;-38.0
-85;-28.0
-85;-33.0
-85;-31.0
-85;-34.0
-85;-32.0
-85;-33.0
-85;-31.0
-85;-36.0
-85;-30.0
-86;-39.0
-86;-29.0
-86;-32.0
-86;-30.0
-86;-35.0
-86;-32.0
-86;-33.0
-86;-28.0
-86;-34.0
-86;-32.0
-87;-43.0
-87;-33.0
-87;-36.0
-87;-35.0
-87;-38.0
-87;-34.0
-87;-36.0
-87;-33.0
-87;-35.0
-87;-32.0
-88;-42.0
-88;-28.0
-88;-34.0
-88;-31.0
-88;-35.0
-88;-33.0
-88;-35.0
-88;-37.0
-88;-45.0
-88;-37.0
-89;-48.0
-89;-32.0
-89;-35.0
-89;-32.0
-89;-36.0
-89;-32.0
-89;-36.0
-89;-33.0
-89;-36.0
-89;-32.0
-90;-44.0
-90;-33.0
-90;-37.0
-90;-35.0
-90;-38.0
-90;-34.0
-90;-36.0
-90;-35.0
-90;-35.0
-90;-30.0
-91;-44.0
-91;-33.0
-91;-39.0
-91;-34.0
-91;-38.0
-91;-34.0
-91;-38.0
-91;-35.0
-91;-37.0
-91;-35.0
-92;-46.0
-92;-35.0
-92;-37.0
-92;-36.0
-92;-38.0
-92;-34.0
-92;-38.0
-92;-35.0
-92;-40.0
-92;-38.0
-93;-47.0
-93;-36.0
-93;-39.0
-93;-35.0
-93;-39.0
-93;-35.0
-93;-39.0
-93;-36.0
-93;-40.0
-93;-35.0
-94;-42.0
-94;-31.0
-94;-36.0
-94;-34.0
-94;-38.0
-94;-36.0
-94;-39.0
-94;-34.0
-94;-37.0
-94;-34.0
-95;-48.0
-95;-36.0
-95;-40.0
-95;-37.0
-95;-40.0
-95;-37.0
-95;-41.0
-95;-37.0
-95;-40.0
-95;-38.0
-96;-48.0
-96;-36.0
-96;-40.0
-96;-37.0
-96;-42.0
-96;-37.0
-96;-41.0
-96;-38.0
-96;-42.0
-96;-38.0
-97;-51.0
-97;-38.0
-97;-41.0
-97;-37.0
-97;-41.0
-97;-41.0
-97;-47.0
-97;-39.0
-97;-42.0
-97;-38.0
-98;-49.0
-98;-38.0
-98;-46.0
-98;-42.0
-98;-43.0
-98;-40.0
-98;-43.0
-98;-37.0
-98;-40.0
-98;-37.0
-99;-51.0
-99;-39.0
-99;-42.0
-99;-39.0
-99;-44.0
-99;-40.0
-99;-45.0
-99;-43.0
-99;-44.0
-99;-39.0
-100;-52.0
-100;-38.0
-100;-39.0
-100;-37.0
-100;-42.0
-100;-39.0
-100;-42.0
-100;-39.0
-100;-39.0
-100;-35.0
-101;-47.0
-101;-37.0
-101;-41.0
-101;-39.0
-101;-42.0
-101;-40.0
-101;-45.0
-101;-41.0
-101;-42.0
-101;-38.0
-102;-50.0
-102;-38.0
-102;-43.0
-102;-42.0
-102;-46.0
-102;-43.0
-102;-47.0
-102;-43.0
-102;-47.0
-102;-42.0
-103;-55.0
-103;-42.0
-103;-47.0
-103;-42.0
-103;-47.0
-103;-42.0
-103;-46.0
-103;-43.0
-103;-46.0
-103;-43.0
-104;-57.0
-104;-43.0
-104;-48.0
-104;-43.0
-104;-48.0
-104;-42.0
-104;-46.0
-104;-42.0
-104;-47.0
-104;-39.0
-105;-54.0
-105;-41.0
-105;-47.0
-105;-43.0
-105;-48.0
-105;-44.0
-105;-48.0
-105;-45.0
-105;-48.0
-105;-45.0
-106;-60.0
-106;-42.0
-106;-45.0
-106;-42.0
-106;-49.0
-106;-45.0
-106;-50.0
-106;-45.0
-106;-49.0
-106;-44.0
-107;-55.0
-107;-42.0
-107;-48.0
-107;-42.0
-107;-44.0
-107;-42.0
-107;-47.0
-107;-44.0
-107;-49.0
-107;-44.0
-108;-58.0
-108;-45.0
-108;-49.0
-108;-45.0
-108;-48.0
-108;-45.0
-108;-49.0
-108;-45.0
-108;-50.0
-108;-43.0
-109;-58.0
-109;-44.0
-109;-49.0
-109;-45.0
-109;-48.0
-109;-45.0
-109;-49.0
-109;-46.0
-109;-49.0
-109;-44.0
-110;-57.0
-110;-43.0
-110;-49.0
-110;-46.0
-110;-50.0
-110;-46.0
-110;-51.0
-110;-46.0
-110;-53.0
-110;-51.0
-111;-65.0
-111;-47.0
-111;-52.0
-111;-47.0
-111;-50.0
-111;-48.0
-111;-55.0
-111;-50.0
-111;-54.0
-111;-45.0
-112;-58.0
-112;-45.0
-112;-49.0
-112;-44.0
-112;-49.0
-112;-45.0
-112;-50.0
-112;-46.0
-112;-51.0
-112;-46.0
-113;-61.0
-113;-46.0
-113;-50.0
-113;-47.0
-113;-51.0
-113;-46.0
-113;-52.0
-113;-46.0
-113;-52.0
-113;-46.0
-114;-63.0
-114;-47.0
-114;-52.0
-114;-50.0
-114;-58.0
-114;-53.0
-114;-57.0
-114;-49.0
-114;-52.0
-114;-47.0
-115;-65.0
-115;-48.0
-115;-54.0
-115;-49.0
-115;-53.0
-115;-48.0
-115;-52.0
-115;-49.0
-115;-58.0
-115;-52.0
-116;-68.0
-116;-50.0
-116;-54.0
-116;-50.0
-116;-54.0
-116;-48.0
-116;-54.0
-116;-48.0
-116;-53.0
-116;-48.0
-117;-64.0
-117;-48.0
-117;-53.0
-117;-48.0
-117;-53.0
-117;-49.0
-117;-52.0
-117;-50.0
-117;-55.0
-117;-51.0
-118;-68.0
-118;-49.0
-118;-54.0
-118;-49.0
-118;-56.0
-118;-51.0
-118;-59.0
-118;-53.0
-118;-59.0
-118;-53.0
-119;-68.0
-119;-51.0
-119;-57.0
-119;-52.0
-119;-58.0
-119;-51.0
-119;-58.0
-119;-52.0
-119;-57.0
-119;-53.0
-120;-68.0
-120;-51.0
-120;-58.0
-120;-54.0
-120;-57.0
-120;-53.0
-120;-60.0
-120;-53.0
-120;-60.0
-120;-52.0
-121;-68.0
-121;-53.0
-121;-58.0
-121;-53.0
-121;-58.0
-121;-54.0
-121;-58.0
-121;-51.0
-121;-53.0
-121;-50.0
-122;-72.0
-122;-53.0
-122;-58.0
-122;-55.0
-122;-57.0
-122;-49.0
-122;-56.0
-122;-53.0
-122;-62.0
-122;-57.0
-123;-78.0
-123;-55.0
-123;-61.0
-123;-55.0
-123;-61.0
-123;-54.0
-123;-60.0
-123;-54.0
-123;-59.0
-123;-53.0
-124;-66.0
-124;-54.0
-124;-60.0
-124;-54.0
-124;-56.0
-124;-52.0
-124;-59.0
-124;-55.0
-124;-62.0
-124;-55.0
-125;-71.0
-125;-56.0
-125;-62.0
-125;-55.0
-125;-60.0
-125;-55.0
-125;-61.0
-125;-55.0
-125;-60.0
-125;-55.0
-126;-72.0
-126;-56.0
-126;-61.0
-126;-57.0
-126;-63.0
-126;-56.0
-126;-62.0
-126;-58.0
-126;-64.0
-126;-57.0
-127;-73.0
-127;-59.0
-127;-64.0
-127;-57.0
-127;-64.0
-127;-56.0
-127;-62.0
-127;-56.0
-127;-62.0
-127;-57.0
-128;-73.0
-128;-57.0
-128;-63.0
-128;-57.0
-128;-64.0
-128;-58.0
-128;-62.0
-128;-57.0
-128;-63.0
-128;-57.0
-129;-72.0
-129;-59.0
-129;-64.0
-129;-61.0
-129;-68.0
-129;-58.0
-129;-63.0
-129;-59.0
-129;-63.0
-129;-57.0
-130;-72.0
-130;-58.0
-130;-63.0
-130;-56.0
-130;-64.0
-130;-57.0
-130;-64.0
-130;-56.0
-130;-61.0
-130;-54.0
-131;-67.0
-131;-57.0
-131;-62.0
-131;-57.0
-131;-65.0
-131;-58.0
-131;-65.0
-131;-58.0
-131;-64.0
-131;-59.0
-132;-76.0
-132;-58.0
-132;-64.0
-132;-61.0
-132;-69.0
-132;-61.0
-132;-66.0
-132;-59.0
-132;-65.0
-132;-60.0
-133;-77.0
-133;-59.0
-133;-65.0
-133;-59.0
-133;-67.0
-133;-60.0
-133;-65.0
-133;-58.0
-133;-65.0
-133;-59.0
-134;-74.0
-134;-58.0
-134;-65.0
-134;-58.0
-134;-65.0
-134;-61.0
-134;-68.0
-134;-63.0
-134;-70.0
-134;-63.0
-135;-75.0
-135;-60.0
-135;-69.0
-135;-62.0
-135;-69.0
-135;-63.0
-135;-68.0
-135;-59.0
-135;-67.0
-135;-62.0
-136;-78.0
-136;-62.0
-136;-69.0
-136;-62.0
-136;-67.0
-136;-59.0
-136;-70.0
-136;-63.0
-136;-69.0
-136;-59.0
-137;-75.0
-137;-62.0
-137;-68.0
-137;-62.0
-137;-69.0
-137;-63.0
-137;-67.0
-137;-59.0
-137;-66.0
-137;-61.0
-138;-77.0
-138;-63.0
-138;-70.0
-138;-60.0
-138;-64.0
-138;-61.0
-138;-68.0
-138;-63.0
-138;-69.0
-138;-60.0
-139;-77.0
-139;-63.0
-139;-69.0
-139;-65.0
-139;-71.0
-139;-64.0
-139;-70.0
-139;-65.0
-139;-72.0
-139;-64.0
-140;-82.0
-140;-65.0
-140;-72.0
-140;-65.0
-140;-72.0
-140;-66.0
-140;-71.0
-140;-65.0
-140;-72.0
-140;-65.0
-141;-78.0
-141;-61.0
-141;-70.0
-141;-64.0
-141;-71.0
-141;-65.0
-141;-75.0
-141;-68.0
-141;-74.0
-141;-67.0
-142;-81.0
-142;-65.0
-142;-72.0
-142;-67.0
-142;-75.0
-142;-69.0
-142;-74.0
-142;-68.0
-142;-75.0
-142;-66.0
-143;-85.0
-143;-68.0
-143;-76.0
-143;-69.0
-143;-76.0
-143;-68.0
-143;-70.0
-143;-61.0
-143;-70.0
-143;-66.0
-144;-83.0
-144;-68.0
-144;-74.0
-144;-64.0
-144;-67.0
-144;-62.0
-144;-70.0
-144;-64.0
-144;-73.0
-144;-67.0
-145;-84.0
-145;-65.0
-145;-73.0
-145;-65.0
-145;-72.0
-145;-66.0
-145;-73.0
-145;-67.0
-145;-75.0
-145;-70.0
-146;-86.0
-146;-66.0
-146;-75.0
-146;-71.0
-146;-76.0
-146;-69.0
-146;-77.0
-146;-70.0
-146;-78.0
-146;-70.0
-147;-88.0
-147;-68.0
-147;-75.0
-147;-71.0
-147;-77.0
-147;-72.0
-147;-77.0
-147;-67.0
-147;-74.0
-147;-68.0
-148;-87.0
-148;-68.0
-148;-76.0
-148;-69.0
-148;-76.0
-148;-69.0
-148;-75.0
-148;-70.0
-148;-76.0
-148;-68.0
-149;-87.0
-149;-69.0
-149;-75.0
-149;-69.0
-149;-76.0
-149;-70.0
-149;-76.0
-149;-69.0
-149;-76.0
-149;-69.0
-150;-89.0
-150;-70.0
-150;-79.0
-150;-72.0
-150;-80.0
-150;-73.0
-150;-79.0
-150;-72.0
-150;-80.0
-150;-74.0
-151;-95.0
-151;-77.0
-151;-81.0
-151;-73.0
-151;-78.0
-151;-71.0
-151;-76.0
-151;-69.0
-151;-80.0
-151;-72.0
-152;-97.0
-152;-74.0
-152;-81.0
-152;-69.0
-152;-78.0
-152;-73.0
-152;-80.0
-152;-73.0
-152;-81.0
-152;-74.0
-153;-98.0
-153;-73.0
-153;-82.0
-153;-74.0
-153;-81.0
-153;-74.0
-153;-81.0
-153;-73.0
-153;-83.0
-153;-72.0
-154;-99.0
-154;-75.0
-154;-81.0
-154;-74.0
-154;-82.0
-154;-74.0
-154;-81.0
-154;-75.0
-154;-82.0
-154;-70.0
-155;-92.0
-155;-72.0
-155;-80.0
-155;-74.0
-155;-83.0
-155;-75.0
-155;-83.0
-155;-75.0
-155;-84.0
-155;-75.0
-156;-97.0
-156;-76.0
-156;-81.0
-156;-75.0
-156;-83.0
-156;-77.0
-156;-84.0
-156;-76.0
-156;-88.0
-156;-82.0
-157;-102.0
-157;-77.0
-157;-84.0
-157;-76.0
-157;-84.0
-157;-75.0
-157;-83.0
-157;-74.0
-157;-81.0
-157;-74.0
-158;-98.0
-158;-74.0
-158;-83.0
-158;-78.0
-158;-85.0
-158;-76.0
-158;-87.0
-158;-78.0
-158;-87.0
-158;-80.0
-159;-100.0
-159;-77.0
-159;-87.0
-159;-76.0
-159;-85.0
-159;-76.0
-159;-85.0
-159;-76.0
-159;-85.0
-159;-78.0
-160;-96.0
-160;-74.0
-160;-84.0
-160;-75.0
-160;-85.0
-160;-77.0
-160;-84.0
-160;-75.0
-160;-81.0
-160;-75.0
-161;-97.0
-161;-76.0
-161;-84.0
-161;-76.0
-161;-85.0
-161;-77.0
-161;-85.0
-161;-78.0
-161;-87.0
-161;-76.0
-162;-98.0
-162;-78.0
-162;-86.0
-162;-78.0
-162;-88.0
-162;-79.0
-162;-88.0
-162;-81.0
-162;-88.0
-162;-80.0
-163;-103.0
-163;-79.0
-163;-86.0
-163;-77.0
-163;-85.0
-163;-79.0
-163;-87.0
-163;-78.0
-163;-86.0
-163;-78.0
-164;-99.0
-164;-78.0
-164;-86.0
-164;-78.0
-164;-84.0
-164;-77.0
-164;-85.0
-164;-78.0
-164;-87.0
-164;-79.0
-165;-102.0
-165;-83.0
-165;-92.0
-165;-79.0
-165;-87.0
-165;-78.0
-165;-88.0
-165;-79.0
-165;-87.0
-165;-78.0
-166;-102.0
-166;-79.0
-166;-90.0
-166;-83.0
-166;-91.0
-166;-84.0
-166;-92.0
-166;-83.0
-166;-92.0
-166;-83.0
-167;-109.0
-167;-83.0
-167;-92.0
-167;-83.0
-167;-92.0
-167;-83.0
-167;-88.0
-167;-81.0
-167;-90.0
-167;-83.0
-168;-108.0
-168;-84.0
-168;-91.0
-168;-85.0
-168;-92.0
-168;-80.0
-168;-89.0
-168;-84.0
-168;-90.0
-168;-83.0
-169;-106.0
-169;-78.0
-169;-75.0
-169;-73.0
-169;-86.0
-169;-81.0
-169;-90.0
-169;-83.0
-169;-93.0
-169;-82.0
-170;-104.0
-170;-81.0
-170;-90.0
-170;-82.0
-170;-93.0
-170;-84.0
-170;-93.0
-170;-85.0
-170;-94.0
-170;-83.0
-171;-103.0
-171;-83.0
-171;-95.0
-171;-88.0
-171;-95.0
-171;-85.0
-171;-94.0
-171;-85.0
-171;-100.0
-171;-91.0
-172;-116.0
-172;-88.0
-172;-95.0
-172;-86.0
-172;-95.0
-172;-83.0
-172;-90.0
-172;-84.0
-172;-93.0
-172;-85.0
-173;-111.0
-173;-85.0
-173;-95.0
-173;-86.0
-173;-94.0
-173;-85.0
-173;-91.0
-173;-82.0
-173;-93.0
-173;-83.0
-174;-108.0
-174;-87.0
-174;-95.0
-174;-87.0
-174;-97.0
-174;-89.0
-174;-97.0
-174;-88.0
-174;-95.0
-174;-88.0
-175;-111.0
-175;-86.0
-175;-95.0
-175;-85.0
-175;-96.0
-175;-85.0
-175;-94.0
-175;-86.0
-175;-95.0
-175;-87.0
-176;-116.0
-176;-87.0
-176;-95.0
-176;-85.0
-176;-96.0
-176;-87.0
-176;-95.0
-176;-86.0
-176;-98.0
-176;-87.0
-177;-116.0
-177;-88.0
-177;-97.0
-177;-88.0
-177;-99.0
-177;-88.0
-177;-97.0
-177;-89.0
-177;-100.0
-177;-92.0
-178;-112.0
-178;-88.0
-178;-94.0
-178;-87.0
-178;-97.0
-178;-90.0
-178;-101.0
-178;-90.0
-178;-100.0
-178;-92.0
-179;-117.0
-179;-91.0
-179;-97.0
-179;-89.0
-179;-98.0
-179;-89.0
-179;-97.0
-179;-88.0
-179;-99.0
-179;-89.0
-180;-112.0
-180;-90.0
-180;-101.0
-180;-90.0
-180;-98.0
-180;-89.0
-180;-99.0
-180;-89.0
-180;-99.0
-180;-89.0
-181;-110.0
-181;-89.0
-181;-100.0
-181;-89.0
-181;-101.0
-181;-93.0
-181;-102.0
-181;-93.0
-181;-100.0
-181;-90.0
-182;-113.0
-182;-89.0
-182;-101.0
-182;-92.0
-182;-104.0
-182;-93.0
-182;-103.0
-182;-93.0
-182;-102.0
-182;-89.0
-183;-108.0
-183;-89.0
-183;-99.0
-183;-91.0
-183;-101.0
-183;-93.0
-183;-103.0
-183;-94.0
-183;-105.0
-183;-93.0
-184;-114.0
-184;-90.0
-184;-101.0
-184;-93.0
-184;-104.0
-184;-94.0
-184;-106.0
-184;-93.0
-184;-103.0
-184;-94.0
-185;-117.0
-185;-95.0
-185;-104.0
-185;-94.0
-185;-103.0
-185;-93.0
-185;-104.0
-185;-93.0
-185;-103.0
-185;-92.0
-186;-116.0
-186;-94.0
-186;-101.0
-186;-95.0
-186;-104.0
-186;-95.0
-186;-106.0
-186;-94.0
-186;-103.0
-186;-93.0
-187;-118.0
-187;-97.0
-187;-103.0
-187;-95.0
-187;-105.0
-187;-94.0
-187;-105.0
-187;-92.0
-187;-99.0
-187;-94.0
-188;-117.0
-188;-93.0
-188;-104.0
-188;-95.0
-188;-105.0
-188;-96.0
-188;-104.0
-188;-96.0
-188;-105.0
-188;-97.0
-189;-121.0
-189;-98.0
-189;-110.0
-189;-95.0
-189;-108.0
-189;-98.0
-189;-108.0
-189;-98.0
-189;-107.0
-189;-98.0
-190;-122.0
-190;-96.0
-190;-107.0
-190;-97.0
-190;-108.0
-190;-96.0
-190;-107.0
-190;-97.0
-190;-104.0
-190;-96.0
-191;-118.0
-191;-93.0
-191;-103.0
-191;-94.0
-191;-106.0
-191;-98.0
-191;-107.0
-191;-97.0
-191;-102.0
-191;-95.0
-192;-121.0
-192;-97.0
-192;-108.0
-192;-95.0
-192;-108.0
-192;-102.0
-192;-111.0
-192;-99.0
-192;-108.0
-192;-99.0
-193;-123.0
-193;-98.0
-193;-109.0
-193;-98.0
-193;-108.0
-193;-96.0
-193;-107.0
-193;-98.0
-193;-108.0
-193;-99.0
-194;-125.0
-194;-98.0
-194;-107.0
-194;-99.0
-194;-111.0
-194;-98.0
-194;-110.0
-194;-100.0
-194;-112.0
-194;-99.0
-195;-122.0
-195;-99.0
-195;-108.0
-195;-97.0
-195;-109.0
-195;-98.0
-195;-109.0
-195;-95.0
-195;-109.0
-195;-98.0
-196;-125.0
-196;-100.0
-196;-109.0
-196;-99.0
-196;-111.0
-196;-97.0
-196;-108.0
-196;-99.0
-196;-111.0
-196;-99.0
-197;-124.0
-197;-100.0
-197;-111.0
-197;-100.0
-197;-109.0
-197;-100.0
-197;-109.0
-197;-98.0
-197;-111.0
-197;-98.0
-198;-122.0
-198;-101.0
-198;-112.0
-198;-99.0
-198;-108.0
-198;-102.0
-198;-111.0
-198;-99.0
-198;-110.0
-198;-99.0
-199;-128.0
-199;-103.0
-199;-114.0
-199;-102.0
-199;-111.0
-199;-101.0
-199;-112.0
-199;-103.0
-199;-113.0
-199;-103.0
-200;-127.0
-200;-103.0
-200;-114.0
-200;-104.0
-200;-116.0
-200;-104.0
-200;-115.0
-200;-107.0
-200;-116.0
-200;-104.0
-201;-128.0
-201;-105.0
-201;-116.0
-201;-109.0
-201;-120.0
-201;-105.0
-201;-116.0
-201;-104.0
-201;-116.0
-201;-104.0
-202;-132.0
-202;-103.0
-202;-110.0
-202;-99.0
-202;-112.0
-202;-104.0
-202;-114.0
-202;-104.0
-202;-116.0
-202;-102.0
-203;-129.0
-203;-104.0
-203;-116.0
-203;-105.0
-203;-115.0
-203;-104.0
-203;-113.0
-203;-103.0
-203;-113.0
-203;-104.0
-204;-129.0
-204;-107.0
-204;-115.0
-204;-105.0
-204;-118.0
-204;-106.0
-204;-119.0
-204;-106.0
-204;-118.0
-204;-107.0
-205;-133.0
-205;-106.0
-205;-117.0
-205;-108.0
-205;-118.0
-205;-105.0
-205;-113.0
-205;-105.0
-205;-115.0
-205;-106.0
-206;-136.0
-206;-106.0
-206;-117.0
-206;-107.0
-206;-117.0
-206;-106.0
-206;-115.0
-206;-105.0
-206;-117.0
-206;-106.0
-207;-139.0
-207;-108.0
-207;-121.0
-207;-109.0
-207;-120.0
-207;-106.0
-207;-114.0
-207;-107.0
-207;-116.0
-207;-106.0
-208;-137.0
-208;-109.0
-208;-119.0
-208;-107.0
-208;-119.0
-208;-108.0
-208;-120.0
-208;-109.0
-208;-118.0
-208;-108.0
-209;-137.0
-209;-109.0
-209;-119.0
-209;-109.0
-209;-119.0
-209;-107.0
-209;-118.0
-209;-108.0
-209;-122.0
-209;-111.0
-210;-139.0
-210;-107.0
-210;-119.0
-210;-110.0
-210;-120.0
-210;-103.0
-210;-117.0
-210;-109.0
-210;-120.0
-210;-110.0
-211;-143.0
-211;-109.0
-211;-125.0
-211;-113.0
-211;-122.0
-211;-112.0
-211;-121.0
-211;-111.0
-211;-122.0
-211;-114.0
-212;-139.0
-212;-112.0
-212;-122.0
-212;-110.0
-212;-123.0
-212;-109.0
-212;-121.0
-212;-109.0
-212;-121.0
-212;-110.0
-213;-133.0
-213;-109.0
-213;-118.0
-213;-108.0
-213;-119.0
-213;-112.0
-213;-123.0
-213;-110.0
-213;-121.0
-213;-111.0
-214;-134.0
-214;-110.0
-214;-119.0
-214;-109.0
-214;-120.0
-214;-112.0
-214;-124.0
-214;-112.0
-214;-124.0
-214;-114.0
-215;-141.0
-215;-115.0
-215;-126.0
-215;-113.0
-215;-124.0
-215;-113.0
-215;-124.0
-215;-113.0
-215;-124.0
-215;-114.0
-216;-137.0
-216;-115.0
-216;-124.0
-216;-113.0
-216;-123.0
-216;-112.0
-216;-125.0
-216;-112.0
-216;-123.0
-216;-112.0
-217;-135.0
-217;-108.0
-217;-121.0
-217;-110.0
-217;-121.0
-217;-111.0
-217;-123.0
-217;-110.0
-217;-121.0
-217;-109.0
-218;-136.0
-218;-114.0
-218;-128.0
-218;-115.0
-218;-128.0
-218;-116.0
-218;-126.0
-218;-113.0
-218;-127.0
-218;-115.0
-219;-141.0
-219;-115.0
-219;-127.0
-219;-115.0
-219;-126.0
-219;-115.0
-219;-124.0
-219;-114.0
-219;-127.0
-219;-114.0
-220;-139.0
-220;-115.0
-220;-123.0
-220;-112.0
-220;-125.0
-220;-114.0
-220;-126.0
-220;-115.0
-220;-129.0
-220;-115.0
-221;-141.0
-221;-115.0
-221;-130.0
-221;-114.0
-221;-128.0
-221;-116.0
-221;-128.0
-221;-115.0
-221;-127.0
-221;-116.0
-222;-148.0
-222;-114.0
-222;-124.0
-222;-114.0
-222;-128.0
-222;-116.0
-222;-129.0
-222;-118.0
-222;-130.0
-222;-120.0
-223;-155.0
-223;-119.0
-223;-130.0
-223;-116.0
-223;-126.0
-223;-116.0
-223;-128.0
-223;-115.0
-223;-127.0
-223;-116.0
-224;-149.0
-224;-117.0
-224;-129.0
-224;-117.0
-224;-130.0
-224;-119.0
-224;-129.0
-224;-120.0
-224;-131.0
-224;-118.0
-225;-156.0
-225;-123.0
-225;-132.0
-225;-120.0
-225;-130.0
-225;-119.0
-225;-129.0
-225;-121.0
-225;-135.0
-225;-121.0
-226;-155.0
-226;-122.0
-226;-134.0
-226;-119.0
-226;-133.0
-226;-122.0
-226;-130.0
-226;-120.0
-226;-132.0
-226;-120.0
-227;-148.0
-227;-120.0
-227;-133.0
-227;-120.0
-227;-131.0
-227;-119.0
-227;-133.0
-227;-119.0
-227;-129.0
-227;-120.0
-228;-155.0
-228;-120.0
-228;-133.0
-228;-121.0
-228;-133.0
-228;-121.0
-228;-135.0
-228;-124.0
-228;-135.0
-228;-120.0
-229;-155.0
-229;-121.0
-229;-132.0
-229;-123.0
-229;-131.0
-229;-120.0
-229;-129.0
-229;-118.0
-229;-126.0
-229;-117.0
-230;-152.0
-230;-121.0
-230;-133.0
-230;-122.0
-230;-136.0
-230;-124.0
-230;-134.0
-230;-126.0
-230;-135.0
-230;-122.0
-231;-155.0
-231;-123.0
-231;-132.0
-231;-124.0
-231;-137.0
-231;-125.0
-231;-135.0
-231;-124.0
-231;-136.0
-231;-122.0
-232;-157.0
-232;-124.0
-232;-137.0
-232;-125.0
-232;-135.0
-232;-123.0
-232;-134.0
-232;-121.0
-232;-134.0
-232;-121.0
-233;-157.0
-233;-121.0
-233;-134.0
-233;-119.0
-233;-135.0
-233;-122.0
-233;-135.0
-233;-123.0
-233;-134.0
-233;-123.0
-234;-161.0
-234;-127.0
-234;-140.0
-234;-127.0
-234;-140.0
-234;-126.0
-234;-141.0
-234;-125.0
-234;-138.0
-234;-123.0
-235;-158.0
-235;-124.0
-235;-135.0
-235;-124.0
-235;-139.0
-235;-128.0
-235;-141.0
-235;-128.0
-235;-139.0
-235;-124.0
-236;-159.0
-236;-126.0
-236;-138.0
-236;-126.0
-236;-142.0
-236;-125.0
-236;-137.0
-236;-125.0
-236;-139.0
-236;-126.0
-237;-159.0
-237;-123.0
-237;-136.0
-237;-125.0
-237;-138.0
-237;-128.0
-237;-140.0
-237;-128.0
-237;-139.0
-237;-127.0
-238;-162.0
-238;-128.0
-238;-143.0
-238;-128.0
-238;-139.0
-238;-126.0
-238;-141.0
-238;-125.0
-238;-138.0
-238;-125.0
-239;-163.0
-239;-126.0
-239;-141.0
-239;-128.0
-239;-140.0
-239;-126.0
-239;-139.0
-239;-127.0
-239;-137.0
-239;-123.0
-240;-161.0
-240;-128.0
-240;-135.0
-240;-126.0
-240;-138.0
-240;-126.0
-240;-137.0
-240;-126.0
-240;-134.0
-240;-123.0
-241;-157.0
-241;-128.0
-241;-142.0
-241;-129.0
-241;-142.0
-241;-129.0
-241;-145.0
-241;-132.0
-241;-146.0
-241;-131.0
-242;-166.0
-242;-125.0
-242;-139.0
-242;-130.0
-242;-145.0
-242;-130.0
-242;-143.0
-242;-130.0
-242;-143.0
-242;-128.0
-243;-167.0
-243;-131.0
-243;-141.0
-243;-131.0
-243;-143.0
-243;-129.0
-243;-143.0
-243;-135.0
-243;-148.0
-243;-131.0
-244;-169.0
-244;-132.0
-244;-143.0
-244;-128.0
-244;-139.0
-244;-126.0
-244;-140.0
-244;-127.0
-244;-143.0
-244;-128.0
-245;-165.0
-245;-129.0
-245;-143.0
-245;-128.0
-245;-144.0
-245;-135.0
-245;-145.0
-245;-129.0
-245;-140.0
-245;-129.0
-246;-167.0
-246;-131.0
-246;-143.0
-246;-135.0
-246;-147.0
-246;-132.0
-246;-143.0
-246;-134.0
-246;-146.0
-246;-134.0
-247;-174.0
-247;-134.0
-247;-147.0
-247;-134.0
-247;-147.0
-247;-133.0
-247;-150.0
-247;-137.0
-247;-148.0
-247;-130.0
-248;-163.0
-248;-131.0
-248;-143.0
-248;-134.0
-248;-147.0
-248;-133.0
-248;-143.0
-248;-129.0
-248;-144.0
-248;-129.0
-249;-166.0
-249;-133.0
-249;-146.0
-249;-133.0
-249;-149.0
-249;-134.0
-249;-146.0
-249;-132.0
-249;-141.0
-249;-131.0
-250;-171.0
-250;-135.0
-250;-148.0
-250;-136.0
-250;-152.0
-250;-135.0
-250;-150.0
-250;-134.0
-250;-151.0
-250;-135.0
-251;-171.0
-251;-135.0
-251;-149.0
-251;-136.0
-251;-149.0
-251;-133.0
-251;-148.0
-251;-135.0
-251;-148.0
-251;-136.0
-252;-173.0
-252;-136.0
-252;-150.0
-252;-135.0
-252;-148.0
-252;-132.0
-252;-147.0
-252;-133.0
-252;-150.0
-252;-131.0
-253;-170.0
-253;-132.0
-253;-148.0
-253;-134.0
-253;-144.0
-253;-135.0
-253;-150.0
-253;-135.0
-253;-146.0
-253;-137.0
-254;-175.0
-254;-133.0
-254;-147.0
-254;-1136.0
-254;-148.0
-254;-136.0
-254;-152.0
-254;-139.0
-254;-150.0
-254;-141.0
-255;-189.0
-255;-139.0
-255;-151.0
-255;-139.0
-255;-149.0
-255;-138.0
-255;-152.0
-255;-140.0
-255;-151.0
-255;-135.0
-256;-176.0
-256;-142.0
-256;-150.0
-256;-137.0
-256;-152.0
-256;-138.0
-256;-150.0
-256;-141.0
-256;-156.0
-256;-138.0
-257;-181.0
-257;-140.0
-257;-152.0
-257;-138.0
-257;-156.0
-257;-137.0
-257;-152.0
-257;-138.0
-257;-153.0
-257;-137.0
-258;-178.0
-258;-142.0
-258;-158.0
-258;-142.0
-258;-156.0
-258;-140.0
-258;-153.0
-258;-139.0
-258;-151.0
-258;-136.0
-259;-177.0
-259;-139.0
-259;-153.0
-259;-136.0
-259;-151.0
-259;-137.0
-259;-152.0
-259;-136.0
-259;-154.0
-259;-141.0
-260;-181.0
-260;-141.0
-260;-155.0
-260;-141.0
-260;-156.0
-260;-141.0
-260;-153.0
-260;-140.0
-260;-155.0
-260;-137.0
-261;-177.0
-261;-138.0
-261;-152.0
-261;-139.0
-261;-152.0
-261;-138.0
-261;-153.0
-261;-139.0
-261;-152.0
-261;-138.0
-262;-177.0
-262;-139.0
-262;-153.0
-262;-139.0
-262;-156.0
-262;-141.0
-262;-154.0
-262;-141.0
-262;-153.0
-262;-141.0
-263;-173.0
-263;-142.0
-263;-154.0
-263;-141.0
-263;-156.0
-263;-142.0
-263;-157.0
-263;-145.0
-263;-158.0
-263;-142.0
-264;-174.0
-264;-138.0
-264;-152.0
-264;-138.0
-264;-154.0
-264;-141.0
-264;-157.0
-264;-141.0
-264;-155.0
-264;-142.0
-265;-180.0
-265;-143.0
-265;-154.0
-265;-138.0
-265;-154.0
-265;-141.0
-265;-157.0
-265;-144.0
-265;-160.0
-265;-142.0
-266;-187.0
-266;-143.0
-266;-157.0
-266;-148.0
-266;-161.0
-266;-143.0
-266;-157.0
-266;-143.0
-266;-162.0
-266;-143.0
-267;-180.0
-267;-141.0
-267;-153.0
-267;-142.0
-267;-160.0
-267;-144.0
-267;-158.0
-267;-139.0
-267;-160.0
-267;-144.0
-268;-188.0
-268;-145.0
-268;-161.0
-268;-147.0
-268;-161.0
-268;-146.0
-268;-163.0
-268;-146.0
-268;-159.0
-268;-140.0
-269;-181.0
-269;-147.0
-269;-160.0
-269;-144.0
-269;-161.0
-269;-145.0
-269;-161.0
-269;-144.0
-269;-159.0
-269;-144.0
-270;-186.0
-270;-146.0
-270;-158.0
-270;-147.0
-270;-162.0
-270;-145.0
-270;-166.0
-270;-144.0
-270;-158.0
-270;-145.0
-271;-183.0
-271;-147.0
-271;-162.0
-271;-146.0
-271;-158.0
-271;-145.0
-271;-160.0
-271;-144.0
-271;-160.0
-271;-146.0
-272;-185.0
-272;-143.0
-272;-158.0
-272;-146.0
-272;-157.0
-272;-145.0
-272;-159.0
-272;-144.0
-272;-161.0
-272;-146.0
-273;-183.0
-273;-149.0
-273;-160.0
-273;-147.0
-273;-160.0
-273;-141.0
-273;-159.0
-273;-147.0
-273;-161.0
-273;-147.0
-274;-187.0
-274;-147.0
-274;-159.0
-274;-145.0
-274;-163.0
-274;-146.0
-274;-165.0
-274;-150.0
-274;-164.0
-274;-144.0
-275;-180.0
-275;-144.0
-275;-162.0
-275;-144.0
-275;-162.0
-275;-149.0
-275;-165.0
-275;-149.0
-275;-163.0
-275;-149.0
-276;-194.0
-276;-149.0
-276;-165.0
-276;-147.0
-276;-163.0
-276;-146.0
-276;-164.0
-276;-149.0
-276;-164.0
-276;-152.0
-277;-194.0
-277;-148.0
-277;-165.0
-277;-148.0
-277;-162.0
-277;-149.0
-277;-162.0
-277;-148.0
-277;-164.0
-277;-147.0
-278;-190.0
-278;-147.0
-278;-162.0
-278;-152.0
-278;-167.0
-278;-154.0
-278;-171.0
-278;-153.0
-278;-168.0
-278;-150.0
-279;-200.0
-279;-154.0
-279;-167.0
-279;-152.0
-279;-169.0
-279;-153.0
-279;-168.0
-279;-148.0
-279;-167.0
-279;-152.0
-280;-192.0
-280;-152.0
-280;-169.0
-280;-152.0
-280;-166.0
-280;-153.0
-280;-166.0
-280;-152.0
-280;-168.0
-280;-154.0
-281;-203.0
-281;-155.0
-281;-168.0
-281;-156.0
-281;-168.0
-281;-152.0
-281;-168.0
-281;-153.0
-281;-168.0
-281;-151.0
-282;-195.0
-282;-150.0
-282;-163.0
-282;-149.0
-282;-168.0
-282;-151.0
-282;-170.0
-282;-155.0
-282;-165.0
-282;-152.0
-283;-197.0
-283;-151.0
-283;-170.0
-283;-153.0
-283;-168.0
-283;-153.0
-283;-169.0
-283;-154.0
-283;-170.0
-283;-156.0
-284;-203.0
-284;-163.0
-284;-178.0
-284;-156.0
-284;-173.0
-284;-153.0
-284;-168.0
-284;-153.0
-284;-168.0
-284;-152.0
-285;-193.0
-285;-154.0
-285;-168.0
-285;-154.0
-285;-170.0
-285;-155.0
-285;-168.0
-285;-154.0
-285;-169.0
-285;-153.0
-286;-199.0
-286;-156.0
-286;-170.0
-286;-158.0
-286;-174.0
-286;-156.0
-286;-171.0
-286;-155.0
-286;-172.0
-286;-157.0
-287;-200.0
-287;-155.0
-287;-173.0
-287;-153.0
-287;-168.0
-287;-153.0
-287;-166.0
-287;-153.0
-287;-173.0
-287;-158.0
-288;-199.0
-288;-154.0
-288;-169.0
-288;-152.0
-288;-170.0
-288;-155.0
-288;-171.0
-288;-152.0
-288;-171.0
-288;-158.0
-289;-206.0
-289;-154.0
-289;-170.0
-289;-155.0
-289;-170.0
-289;-158.0
-289;-176.0
-289;-157.0
-289;-171.0
-289;-157.0
-290;-203.0
-290;-155.0
-290;-171.0
-290;-155.0
-290;-168.0
-290;-154.0
-290;-169.0
-290;-152.0
-290;-170.0
-290;-155.0
-291;-204.0
-291;-159.0
-291;-176.0
-291;-158.0
-291;-176.0
-291;-158.0
-291;-176.0
-291;-160.0
-291;-168.0
-291;-155.0
-292;-201.0
-292;-153.0
-292;-170.0
-292;-157.0
-292;-171.0
-292;-156.0
-292;-175.0
-292;-157.0
-292;-174.0
-292;-159.0
-293;-212.0
-293;-160.0
-293;-176.0
-293;-161.0
-293;-178.0
-293;-159.0
-293;-176.0
-293;-163.0
-293;-176.0
-293;-159.0
-294;-210.0
-294;-161.0
-294;-176.0
-294;-162.0
-294;-178.0
-294;-161.0
-294;-178.0
-294;-161.0
-294;-176.0
-294;-159.0
-295;-203.0
-295;-156.0
-295;-178.0
-295;-159.0
-295;-177.0
-295;-159.0
-295;-180.0
-295;-161.0
-295;-179.0
-295;-162.0
-296;-210.0
-296;-163.0
-296;-177.0
-296;-160.0
-296;-184.0
-296;-161.0
-296;-173.0
-296;-160.0
-296;-175.0
-296;-160.0
-297;-205.0
-297;-158.0
-297;-174.0
-297;-159.0
-297;-175.0
-297;-161.0
-297;-177.0
-297;-159.0
-297;-175.0
-297;-160.0
-298;-208.0
-298;-160.0
-298;-180.0
-298;-163.0
-298;-175.0
-298;-162.0
-298;-180.0
-298;-164.0
-298;-180.0
-298;-165.0
-299;-219.0
-299;-164.0
-299;-180.0
-299;-164.0
-299;-178.0
-299;-159.0
-299;-176.0
-299;-161.0
-299;-178.0
-299;-161.0
-300;-213.0
-300;-162.0
-300;-179.0
-300;-165.0
-300;-179.0
-300;-163.0
-300;-178.0
-300;-165.0
-300;-176.0
-300;-165.0
-301;-212.0
-301;-162.0
-301;-180.0
-301;-164.0
-301;-177.0
-301;-162.0
-301;-180.0
-301;-162.0
-301;-183.0
-301;-162.0
-302;-207.0
-302;-162.0
-302;-181.0
-302;-165.0
-302;-184.0
-302;-166.0
-302;-184.0
-302;-163.0
-302;-180.0
-302;-165.0
-303;-211.0
-303;-163.0
-303;-183.0
-303;-166.0
-303;-185.0
-303;-168.0
-303;-186.0
-303;-161.0
-303;-181.0
-303;-166.0
-304;-209.0
-304;-165.0
-304;-183.0
-304;-161.0
-304;-181.0
-304;-165.0
-304;-181.0
-304;-163.0
-304;-179.0
-304;-162.0
-305;-206.0
-305;-162.0
-305;-182.0
-305;-165.0
-305;-184.0
-305;-166.0
-305;-181.0
-305;-174.0
-305;-183.0
-305;-164.0
-306;-209.0
-306;-166.0
-306;-179.0
-306;-163.0
-306;-169.0
-306;-150.0
-306;-172.0
-306;-163.0
-306;-183.0
-306;-167.0
-307;-211.0
-307;-169.0
-307;-184.0
-307;-168.0
-307;-189.0
-307;-169.0
-307;-183.0
-307;-165.0
-307;-185.0
-307;-170.0
-308;-209.0
-308;-168.0
-308;-185.0
-308;-166.0
-308;-179.0
-308;-164.0
-308;-182.0
-308;-162.0
-308;-179.0
-308;-166.0
-309;-207.0
-309;-162.0
-309;-179.0
-309;-164.0
-309;-180.0
-309;-164.0
-309;-182.0
-309;-165.0
-309;-180.0
-309;-163.0
-310;-211.0
-310;-168.0
-310;-187.0
-310;-173.0
-310;-190.0
-310;-171.0
-310;-186.0
-310;-170.0
-310;-187.0
-310;-169.0
-311;-222.0
-311;-168.0
-311;-181.0
-311;-165.0
-311;-181.0
-311;-165.0
-311;-185.0
-311;-170.0
-311;-189.0
-311;-170.0
-312;-214.0
-312;-171.0
-312;-186.0
-312;-170.0
-312;-186.0
-312;-170.0
-312;-184.0
-312;-164.0
-312;-185.0
-312;-170.0
-313;-212.0
-313;-171.0
-313;-187.0
-313;-167.0
-313;-183.0
-313;-168.0
-313;-183.0
-313;-165.0
-313;-187.0
-313;-172.0
-314;-213.0
-314;-171.0
-314;-187.0
-314;-171.0
-314;-188.0
-314;-174.0
-314;-188.0
-314;-168.0
-314;-189.0
-314;-171.0
-315;-212.0
-315;-169.0
-315;-189.0
-315;-171.0
-315;-184.0
-315;-170.0
-315;-184.0
-315;-167.0
-315;-186.0
-315;-169.0
-316;-215.0
-316;-167.0
-316;-188.0
-316;-170.0
-316;-186.0
-316;-173.0
-316;-191.0
-316;-176.0
-316;-193.0
-316;-175.0
-317;-216.0
-317;-172.0
-317;-192.0
-317;-172.0
-317;-188.0
-317;-167.0
-317;-187.0
-317;-168.0
-317;-187.0
-317;-172.0
-318;-218.0
-318;-170.0
-318;-189.0
-318;-171.0
-318;-185.0
-318;-171.0
-318;-194.0
-318;-176.0
-318;-193.0
-318;-172.0
-319;-220.0
-319;-173.0
-319;-190.0
-319;-176.0
-319;-192.0
-319;-173.0
-319;-190.0
-319;-172.0
-319;-187.0
-319;-176.0
-320;-216.0
-320;-172.0
-320;-188.0
-320;-173.0
-320;-190.0
-320;-170.0
-320;-191.0
-320;-176.0
-320;-193.0
-320;-170.0
-321;-220.0
-321;-173.0
-321;-188.0
-321;-176.0
-321;-192.0
-321;-174.0
-321;-192.0
-321;-174.0
-321;-190.0
-321;-172.0
-322;-220.0
-322;-175.0
-322;-191.0
-322;-177.0
-322;-196.0
-322;-175.0
-322;-195.0
-322;-175.0
-322;-188.0
-322;-168.0
-323;-216.0
-323;-173.0
-323;-191.0
-323;-178.0
-323;-195.0
-323;-179.0
-323;-193.0
-323;-178.0
-323;-197.0
-323;-174.0
-324;-223.0
-324;-177.0
-324;-189.0
-324;-167.0
-324;-186.0
-324;-167.0
-324;-187.0
-324;-174.0
-324;-193.0
-324;-174.0
-325;-221.0
-325;-178.0
-325;-191.0
-325;-177.0
-325;-193.0
-325;-175.0
-325;-194.0
-325;-175.0
-325;-196.0
-325;-175.0
-326;-225.0
-326;-179.0
-326;-196.0
-326;-180.0
-326;-194.0
-326;-175.0
-326;-192.0
-326;-176.0
-326;-194.0
-326;-175.0
-327;-225.0
-327;-179.0
-327;-194.0
-327;-182.0
-327;-196.0
-327;-176.0
-327;-194.0
-327;-178.0
-327;-199.0
-327;-179.0
-328;-228.0
-328;-182.0
-328;-196.0
-328;-175.0
-328;-193.0
-328;-174.0
-328;-195.0
-328;-179.0
-328;-194.0
-328;-174.0
-329;-221.0
-329;-173.0
-329;-192.0
-329;-174.0
-329;-192.0
-329;-176.0
-329;-193.0
-329;-176.0
-329;-194.0
-329;-175.0
-330;-227.0
-330;-181.0
-330;-196.0
-330;-180.0
-330;-202.0
-330;-182.0
-330;-198.0
-330;-180.0
-330;-197.0
-330;-175.0
-331;-225.0
-331;-177.0
-331;-194.0
-331;-178.0
-331;-196.0
-331;-178.0
-331;-197.0
-331;-178.0
-331;-196.0
-331;-180.0
-332;-227.0
-332;-177.0
-332;-196.0
-332;-179.0
-332;-198.0
-332;-178.0
-332;-198.0
-332;-180.0
-332;-197.0
-332;-177.0
-333;-231.0
-333;-181.0
-333;-199.0
-333;-181.0
-333;-198.0
-333;-177.0
-333;-195.0
-333;-181.0
-333;-197.0
-333;-181.0
-334;-226.0
-334;-182.0
-334;-198.0
-334;-180.0
-334;-202.0
-334;-179.0
-334;-198.0
-334;-177.0
-334;-194.0
-334;-179.0
-335;-227.0
-335;-180.0
-335;-200.0
-335;-183.0
-335;-200.0
-335;-178.0
-335;-196.0
-335;-176.0
-335;-198.0
-335;-183.0
-336;-234.0
-336;-180.0
-336;-199.0
-336;-185.0
-336;-202.0
-336;-183.0
-336;-203.0
-336;-185.0
-336;-201.0
-336;-181.0
-337;-232.0
-337;-182.0
-337;-204.0
-337;-184.0
-337;-197.0
-337;-181.0
-337;-201.0
-337;-180.0
-337;-203.0
-337;-181.0
-338;-228.0
-338;-179.0
-338;-198.0
-338;-185.0
-338;-204.0
-338;-186.0
-338;-207.0
-338;-183.0
-338;-203.0
-338;-182.0
-339;-235.0
-339;-183.0
-339;-201.0
-339;-183.0
-339;-201.0
-339;-182.0
-339;-204.0
-339;-184.0
-339;-200.0
-339;-180.0
-340;-231.0
-340;-183.0
-340;-201.0
-340;-183.0
-340;-209.0
-340;-189.0
-340;-205.0
-340;-188.0
-340;-207.0
-340;-188.0
-341;-236.0
-341;-189.0
-341;-208.0
-341;-184.0
-341;-202.0
-341;-178.0
-341;-201.0
-341;-183.0
-341;-202.0
-341;-183.0
-342;-266.0
-342;-182.0
-342;-203.0
-342;-185.0
-342;-200.0
-342;-182.0
-342;-201.0
-342;-186.0
-342;-209.0
-342;-187.0
-343;-235.0
-343;-185.0
-343;-204.0
-343;-186.0
-343;-204.0
-343;-185.0
-343;-204.0
-343;-186.0
-343;-204.0
-343;-186.0
-344;-229.0
-344;-185.0
-344;-206.0
-344;-187.0
-344;-204.0
-344;-188.0
-344;-208.0
-344;-188.0
-344;-207.0
-344;-188.0
-345;-233.0
-345;-185.0
-345;-203.0
-345;-186.0
-345;-206.0
-345;-186.0
-345;-205.0
-345;-184.0
-345;-203.0
-345;-182.0
-346;-227.0
-346;-185.0
-346;-207.0
-346;-189.0
-346;-209.0
-346;-187.0
-346;-206.0
-346;-188.0
-346;-206.0
-346;-186.0
-347;-236.0
-347;-189.0
-347;-207.0
-347;-184.0
-347;-205.0
-347;-185.0
-347;-203.0
-347;-187.0
-347;-202.0
-347;-185.0
-348;-238.0
-348;-188.0
-348;-203.0
-348;-181.0
-348;-203.0
-348;-188.0
-348;-207.0
-348;-189.0
-348;-210.0
-348;-191.0
-349;-249.0
-349;-193.0
-349;-216.0
-349;-195.0
-349;-211.0
-349;-189.0
-349;-209.0
-349;-186.0
-349;-206.0
-349;-186.0
-350;-250.0
-350;-184.0
-350;-205.0
-350;-186.0
-350;-206.0
-350;-189.0
-350;-209.0
-350;-191.0
-350;-209.0
-350;-188.0
-351;-240.0
-351;-191.0
-351;-209.0
-351;-189.0
-351;-211.0
-351;-190.0
-351;-207.0
-351;-190.0
-351;-209.0
-351;-187.0
-352;-238.0
-352;-188.0
-352;-203.0
-352;-186.0
-352;-205.0
-352;-188.0
-352;-205.0
-352;-189.0
-352;-208.0
-352;-188.0
-353;-236.0
-353;-191.0
-353;-208.0
-353;-190.0
-353;-209.0
-353;-189.0
-353;-217.0
-353;-188.0
-353;-207.0
-353;-189.0
-354;-237.0
-354;-189.0
-354;-210.0
-354;-190.0
-354;-210.0
-354;-191.0
-354;-207.0
-354;-187.0
-354;-209.0
-354;-189.0
-355;-243.0
-355;-190.0
-355;-210.0
-355;-191.0
-355;-209.0
-355;-192.0
-355;-211.0
-355;-193.0
-355;-213.0
-355;-191.0
-356;-238.0
-356;-190.0
-356;-208.0
-356;-187.0
-356;-211.0
-356;-190.0
-356;-215.0
-356;-195.0
-356;-213.0
-356;-192.0
-357;-238.0
-357;-192.0
-357;-212.0
-357;-195.0
-357;-212.0
-357;-190.0
-357;-211.0
-357;-189.0
-357;-208.0
-357;-191.0
-358;-237.0
-358;-192.0
-358;-209.0
-358;-191.0
-358;-213.0
-358;-192.0
-358;-210.0
-358;-191.0
-358;-214.0
-358;-196.0
-359;-242.0
-359;-198.0
-359;-215.0
-359;-193.0
-359;-212.0
-359;-193.0
-359;-213.0
-359;-194.0
-359;-213.0
-359;-191.0
-360;-242.0
-360;-194.0
-360;-211.0
-360;-196.0
-360;-216.0
-360;-189.0
-360;-212.0
-360;-195.0
-360;-213.0
-360;-193.0
-361;-239.0
-361;-193.0
-361;-213.0
-361;-196.0
-361;-215.0
-361;-197.0
-361;-217.0
-361;-194.0
-361;-214.0
-361;-193.0
-362;-240.0
-362;-193.0
-362;-212.0
-362;-193.0
-362;-217.0
-362;-194.0
-362;-213.0
-362;-192.0
-362;-219.0
-362;-195.0
-363;-246.0
-363;-196.0
-363;-214.0
-363;-195.0
-363;-215.0
-363;-195.0
-363;-218.0
-363;-198.0
-363;-215.0
-363;-195.0
-364;-246.0
-364;-194.0
-364;-214.0
-364;-193.0
-364;-214.0
-364;-197.0
-364;-217.0
-364;-196.0
-364;-216.0
-364;-196.0
-365;-242.0
-365;-197.0
-365;-216.0
-365;-194.0
-365;-213.0
-365;-193.0
-365;-215.0
-365;-192.0
-365;-217.0
-365;-195.0
-366;-243.0
-366;-196.0
-366;-212.0
-366;-195.0
-366;-217.0
-366;-198.0
-366;-217.0
-366;-197.0
-366;-216.0
-366;-197.0
-367;-248.0
-367;-199.0
-367;-215.0
-367;-196.0
-367;-212.0
-367;-198.0
-367;-215.0
-367;-193.0
-367;-213.0
-367;-189.0
-368;-249.0
-368;-193.0
-368;-213.0
-368;-196.0
-368;-212.0
-368;-195.0
-368;-213.0
-368;-198.0
-368;-220.0
-368;-197.0
-369;-248.0
-369;-199.0
-369;-219.0
-369;-197.0
-369;-219.0
-369;-194.0
-369;-214.0
-369;-198.0
-369;-214.0
-369;-198.0
-370;-268.0
-370;-193.0
-370;-214.0
-370;-193.0
-370;-213.0
-370;-196.0
-370;-219.0
-370;-198.0
-370;-217.0
-370;-201.0
-371;-248.0
-371;-202.0
-371;-220.0
-371;-199.0
-371;-221.0
-371;-200.0
-371;-218.0
-371;-197.0
-371;-217.0
-371;-197.0
-372;-246.0
-372;-201.0
-372;-222.0
-372;-201.0
-372;-220.0
-372;-197.0
-372;-216.0
-372;-196.0
-372;-214.0
-372;-199.0
-373;-362.0
-373;-202.0
-373;-225.0
-373;-199.0
-373;-222.0
-373;-201.0
-373;-220.0
-373;-196.0
-373;-218.0
-373;-196.0
-374;-251.0
-374;-199.0
-374;-220.0
-374;-198.0
-374;-221.0
-374;-201.0
-374;-224.0
-374;-202.0
-374;-223.0
-374;-197.0
-375;-251.0
-375;-198.0
-375;-217.0
-375;-198.0
-375;-219.0
-375;-200.0
-375;-221.0
-375;-198.0
-375;-222.0
-375;-211.0
-376;-251.0
-376;-202.0
-376;-226.0
-376;-204.0
-376;-223.0
-376;-201.0
-376;-220.0
-376;-204.0
-376;-222.0
-376;-204.0
-377;-256.0
-377;-205.0
-377;-220.0
-377;-198.0
-377;-220.0
-377;-199.0
-377;-220.0
-377;-207.0
-377;-229.0
-377;-204.0
-378;-235.0
-378;-194.0
-378;-215.0
-378;-197.0
-378;-218.0
-378;-201.0
-378;-221.0
-378;-202.0
-378;-222.0
-378;-200.0
-379;-244.0
-379;-199.0
-379;-222.0
-379;-204.0
-379;-224.0
-379;-197.0
-379;-221.0
-379;-199.0
-379;-220.0
-379;-200.0
-380;-243.0
-380;-200.0
-380;-219.0
-380;-201.0
-380;-223.0
-380;-206.0
-380;-221.0
-380;-199.0
-380;-221.0
-380;-200.0
-381;-241.0
-381;-202.0
-381;-222.0
-381;-199.0
-381;-223.0
-381;-201.0
-381;-222.0
-381;-204.0
-381;-221.0
-381;-199.0
-382;-245.0
-382;-201.0
-382;-223.0
-382;-201.0
-382;-223.0
-382;-204.0
-382;-224.0
-382;-206.0
-382;-229.0
-382;-207.0
-383;-243.0
-383;-203.0
-383;-221.0
-383;-200.0
-383;-224.0
-383;-205.0
-383;-223.0
-383;-205.0
-383;-225.0
-383;-203.0
-384;-248.0
-384;-206.0
-384;-224.0
-384;-203.0
-384;-227.0
-384;-200.0
-384;-223.0
-384;-199.0
-384;-223.0
-384;-202.0
-385;-270.0
-385;-206.0
-385;-225.0
-385;-202.0
-385;-221.0
-385;-203.0
-385;-224.0
-385;-207.0
-385;-226.0
-385;-204.0
-386;-257.0
-386;-206.0
-386;-228.0
-386;-205.0
-386;-230.0
-386;-201.0
-386;-222.0
-386;-200.0
-386;-223.0
-386;-203.0
-387;-251.0
-387;-198.0
-387;-225.0
-387;-202.0
-387;-227.0
-387;-206.0
-387;-225.0
-387;-204.0
-387;-228.0
-387;-207.0
-388;-324.0
-388;-210.0
-388;-231.0
-388;-210.0
-388;-227.0
-388;-208.0
-388;-228.0
-388;-202.0
-388;-222.0
-388;-204.0
-389;-259.0
-389;-210.0
-389;-229.0
-389;-206.0
-389;-225.0
-389;-206.0
-389;-224.0
-389;-207.0
-389;-231.0
-389;-206.0
-390;-257.0
-390;-206.0
-390;-227.0
-390;-205.0
-390;-227.0
-390;-203.0
-390;-227.0
-390;-205.0
-390;-228.0
-390;-208.0
-391;-252.0
-391;-203.0
-391;-223.0
-391;-204.0
-391;-229.0
-391;-207.0
-391;-230.0
-391;-208.0
-391;-231.0
-391;-211.0
-392;-264.0
-392;-211.0
-392;-227.0
-392;-205.0
-392;-225.0
-392;-210.0
-392;-238.0
-392;-213.0
-392;-225.0
-392;-206.0
-393;-262.0
-393;-206.0
-393;-229.0
-393;-205.0
-393;-227.0
-393;-207.0
-393;-227.0
-393;-208.0
-393;-229.0
-393;-206.0
-394;-259.0
-394;-205.0
-394;-231.0
-394;-207.0
-394;-225.0
-394;-206.0
-394;-229.0
-394;-205.0
-394;-231.0
-394;-210.0
-395;-264.0
-395;-210.0
-395;-230.0
-395;-210.0
-395;-234.0
-395;-213.0
-395;-232.0
-395;-210.0
-395;-231.0
-395;-208.0
-396;-265.0
-396;-204.0
-396;-226.0
-396;-205.0
-396;-226.0
-396;-209.0
-396;-225.0
-396;-204.0
-396;-226.0
-396;-209.0
-397;-261.0
-397;-213.0
-397;-233.0
-397;-209.0
-397;-233.0
-397;-211.0
-397;-233.0
-397;-209.0
-397;-228.0
-397;-207.0
-398;-257.0
-398;-209.0
-398;-232.0
-398;-210.0
-398;-230.0
-398;-213.0
-398;-228.0
-398;-207.0
-398;-235.0
-398;-207.0
-399;-268.0
-399;-210.0
-399;-235.0
-399;-210.0
-399;-233.0
-399;-209.0
-399;-236.0
-399;-211.0
-399;-232.0
-399;-212.0
-400;-266.0
-400;-207.0
-400;-226.0
-400;-206.0
-400;-235.0
-400;-210.0
-400;-234.0
-400;-213.0
-400;-234.0
-400;-210.0
